,,,,,,,,median,median,median,median,median,median,median,median,median,median,median,median,median,median,median,median,median,median,median,median,median,median,median,median,median,mean,mean,mean,mean,mean,mean,mean,mean,mean,mean,mean,mean,mean,mean,mean,mean,mean,mean,mean,mean,mean,mean,mean,mean,mean,min,min,min,min,min,min,min,min,min,min,min,min,min,min,min,min,min,min,min,min,min,min,min,min,min,max,max,max,max,max,max,max,max,max,max,max,max,max,max,max,max,max,max,max,max,max,max,max,max,max,count,count,count,count,count,count,count,count,count,count,count,count,count,count,count,count,count,count,count,count,count,count,count,count,count
year,,,,,,,,2000,2001,2002,2003,2004,2005,2006,2007,2008,2009,2010,2011,2012,2013,2014,2015,2016,2017,2018,2019,2020,2021,2022,2023,All,2000,2001,2002,2003,2004,2005,2006,2007,2008,2009,2010,2011,2012,2013,2014,2015,2016,2017,2018,2019,2020,2021,2022,2023,All,2000,2001,2002,2003,2004,2005,2006,2007,2008,2009,2010,2011,2012,2013,2014,2015,2016,2017,2018,2019,2020,2021,2022,2023,All,2000,2001,2002,2003,2004,2005,2006,2007,2008,2009,2010,2011,2012,2013,2014,2015,2016,2017,2018,2019,2020,2021,2022,2023,All,2000,2001,2002,2003,2004,2005,2006,2007,2008,2009,2010,2011,2012,2013,2014,2015,2016,2017,2018,2019,2020,2021,2022,2023,All
rank,pct_change_threshold,watch_days,hold_days,num_stocks_to_buy,loss_limit,fee,num_tickers,,,,,,,,,,,,,,,,,,,,,,,,,,,,,,,,,,,,,,,,,,,,,,,,,,,,,,,,,,,,,,,,,,,,,,,,,,,,,,,,,,,,,,,,,,,,,,,,,,,,,,,,,,,,,,,,,,,,,,,,,,,,,
nsmallest,-999,2,1,1,0.999,0.002,1254,29.7714,171.5932,5.5108,3894.1894,1282.6283,1.8534,28.8266,2.9345,10.9022,4.848,53.616,36.7585,21.6032,6.7076,24.426,16.029,24.9713,17.4637,30.6124,7.1506,12.159,4.9282,35.253,96.7279,24.8504,58.678778571428566,148.04072,53.64964,431363.74330000003,1035.33852,90.99586000000001,54.02136,2.91456,8.79218,68.15921999999999,81.35220000000001,776.68708,41.03938,16.76342,24.25198,24.04422,47.4653,20.263560000000002,22.009700000000002,15.20948,13.688659999999999,6.01342,140525.50134,588709522.1832,22840470.01662326,20.9364,6.0247,4.5332,3.2453,38.2273,1.8315,20.6345,2.2885,3.3388,4.744,33.2063,35.0783,8.7186,6.5012,22.1071,6.9551,11.477,4.7631,1.9811,4.7499,11.6232,4.7763,2.165,9.549,1.8315,116.3177,380.4059,247.9441,1094596.8882,1395.5225,447.3385,102.6767,4.0142,11.3285,166.2079,229.4113,3653.7955,140.1645,43.0458,25.9017,45.2688,91.4994,31.0835,34.5836,30.2323,16.3556,7.9021,702551.3914,2943534790.7072,2943534790.7072,14,5,5,5,5,5,5,5,5,5,5,5,5,5,5,5,5,5,5,5,5,5,5,5,129
nsmallest,-999,2,2,1,0.999,0.002,1254,21.9939,61.9412,56.0174,82.8822,149.4171,1.411,5.8684,2.744,3.2921,23.5477,44.6252,44.1546,69.6482,9.0988,9.4624,11.5586,17.9676,8.5083,5.9281,12.6394,11.6558,5.7646,7.8954,30.4211,16.4926,32.42075714285714,278.01778,50.26442,173.77393999999998,91.57584,17.09198,844.4041200000001,2.53694,5.18656,32.00626,156.14708000000002,181.56072,1662.6958600000003,8.66856,16.22064,9.9833,15.002699999999999,11.77798,16.6663,16.104940000000003,10.86892,5.5708,45751.58322,420736954932.6376,16307635828.725758,17.7542,2.7906,13.3992,76.6759,2.5158,0.7665,2.603,1.4806,3.0366,6.7496,24.8926,7.2571,2.912,4.1253,7.1322,4.0876,8.28,3.7541,2.4706,1.9309,5.0269,2.4945,4.5528,2.4828,0.7665,55.5046,1232.8926,99.4593,316.0508,152.6597,58.2731,4202.3352,3.0981,8.3239,54.9519,345.3514,795.3584,4154.2892,16.4926,28.1732,17.9735,18.9127,22.1465,35.7897,35.3528,14.6745,9.8858,228732.3181,2103683708601.6165,2103683708601.6165,14,5,5,5,5,5,5,5,5,5,5,5,5,5,5,5,5,5,5,5,5,5,5,5,129
nsmallest,-999,2,1,2,0.999,0.002,1254,19.641550000000002,81.7513,36.6979,594.4252,151.1948,2.076,11.6341,2.7377,6.9605,4.2791,22.2277,21.638,29.0155,5.6062,8.3048,9.041,12.2593,11.5918,8.4215,13.446,11.7356,11.6245,12.789,79.9194,13.5418,35.01047142857143,108.56143999999999,431.25858,33267.63284,174.89213999999998,77.75908,24.76592,2.74006,6.1323,13.694139999999999,25.597900000000003,83.04076,27.227980000000002,9.985679999999999,12.059520000000001,12.31734,16.262,10.55264,10.46298,14.19118,17.806459999999998,9.91466,31655.49056,75273971.82378,2920158.2247775197,15.3163,7.9036,3.9937,3.0433,16.9408,2.0489,10.63,2.6562,3.3462,4.1945,13.5418,20.5732,8.7307,5.4472,7.9799,6.7121,9.5194,5.9022,2.1579,12.3534,11.2441,5.9898,9.0198,7.1787,2.0489,65.4076,360.8399,2072.814,83846.9795,412.2162,380.1952,46.7745,2.8509,7.1877,28.3018,55.2387,310.6629,57.7782,17.252,18.0616,19.5243,25.6999,12.1424,29.8833,16.5004,27.5074,12.1681,158233.2784,376364938.2817,376364938.2817,14,5,5,5,5,5,5,5,5,5,5,5,5,5,5,5,5,5,5,5,5,5,5,5,129
nsmallest,-999,2,2,2,0.999,0.002,1254,15.244150000000001,37.6889,48.4421,42.0292,53.3526,2.1184,6.3081,2.3942,2.6198,7.0067,19.4014,19.9858,29.1246,9.2499,8.0823,5.525,9.2052,8.5481,7.2141,12.8257,13.0154,8.5434,9.0855,21.4175,11.9096,21.401014285714286,93.72746,42.91194,58.87056,35.110400000000006,17.90414,159.98662,2.28248,5.72344,10.13682,29.817320000000002,46.84906,160.54586,7.864959999999999,7.955540000000001,5.735760000000001,11.9908,7.58338,12.58382,19.4007,13.77974,8.590019999999999,15432.566579999999,13463241778.41888,521831706.5991907,14.009,4.8884,13.5393,39.3197,2.1825,1.4682,2.7471,1.6059,2.6016,6.9219,10.9055,4.8352,4.7844,3.6292,5.6353,4.3848,7.0735,4.0157,2.4834,3.2582,11.7286,4.2615,5.4019,2.9122,1.4682,33.2185,335.5003,76.4717,86.2096,64.2793,49.2179,781.092,2.6912,10.6215,15.2237,54.0374,174.2946,379.4671,11.6535,9.3534,8.619,18.2453,10.9447,25.3045,51.6795,17.6618,12.1574,77108.4631,67316011613.4046,67316011613.4046,14,5,5,5,5,5,5,5,5,5,5,5,5,5,5,5,5,5,5,5,5,5,5,5,129
nsmallest,-999,2,3,1,0.999,0.002,1254,10.5815,16.5095,40.633,40.4351,27.6318,29.9046,69.2411,2.8703,3.5274,6.474,19.8479,21.6674,32.5193,9.1678,7.4118,8.7364,3.6818,9.1845,5.6343,7.3286,4.522,2.3319,6.083,15.5693,9.8611,14.303807142857142,473.83224,882.2319600000001,8749.02192,37.72904,22.95886,54.74674,2.27192,3.4056399999999996,6.33688,16.35434,41.239580000000004,113.38368,10.2097,7.99542,8.03864,4.59952,10.19468,19.430600000000002,9.80798,10.66158,2.78898,63646.67186,3377.43006,3005.8679255813954,9.8611,0.1829,0.7125,2.3706,3.6848,1.6674,1.5754,0.3919,2.1078,3.5694,2.9259,3.9102,1.5458,3.3619,5.6336,3.5923,1.5653,3.8243,1.0491,1.9392,2.1698,1.0491,1.8622,1.8364,0.1829,33.9791,2298.8203,4281.9925,22140.0671,67.7456,35.1802,92.8937,3.4264,4.8828,11.2624,31.5521,127.1951,435.6349,16.8724,10.6218,14.4034,10.699,16.1126,43.6623,20.8917,37.3091,4.7272,318209.7953,15897.1742,318209.7953,14,5,5,5,5,5,5,5,5,5,5,5,5,5,5,5,5,5,5,5,5,5,5,5,129
nsmallest,-999,3,2,1,0.999,0.002,1254,12.8045,18.047,28.3442,33.5625,48.7885,9.592,46.0661,1.722,4.6681,6.6563,15.0757,106.0121,44.2384,13.1549,5.1256,3.9947,7.2387,4.3414,3.9213,6.4912,6.4131,4.1927,5.5568,218.1318,9.8072,14.621421428571429,596.82372,173.93462000000002,117.7977,38.77464,29.374419999999997,143.8712,1.7192599999999998,4.8793,20.18164,25.5476,188.66738,74.31953999999999,10.32184,6.80762,4.75444,9.88296,7.0934,4.0948,12.0508,7.706059999999999,6.303839999999999,6.20582,2708.0665,164.3457007751938,9.7934,2.0912,4.7507,29.9623,3.0902,1.4684,1.6154,1.3434,2.2614,1.898,4.1137,9.9278,2.9591,2.416,4.5288,2.2295,2.8483,1.617,1.2992,3.8387,3.0417,1.6884,2.3124,9.8831,1.2992,20.9724,2928.1519,444.0837,459.937,60.7997,87.3673,575.337,1.9609,7.6052,68.6397,58.425,708.429,159.4098,13.8998,10.7772,7.0123,17.1082,13.2772,6.7478,38.1908,13.8096,19.435,12.0013,12634.3715,12634.3715,14,5,5,5,5,5,5,5,5,5,5,5,5,5,5,5,5,5,5,5,5,5,5,5,129
nsmallest,-999,2,1,3,0.999,0.002,1254,13.80535,50.6167,35.943,208.7618,62.7048,1.9133,8.051,2.5796,7.8082,3.8134,12.4833,14.0578,25.2287,4.0125,5.9016,8.4334,10.1729,6.8925,8.9679,9.7167,8.5051,7.4365,9.9248,60.5845,9.2882,24.167485714285714,72.67462,186.62434000000002,4341.49038,367.02292,29.03596,12.23322,2.43732,6.38252,9.531780000000001,14.1855,30.109860000000005,22.01678,6.204940000000001,8.2123,8.51342,10.25386,6.9485399999999995,9.722280000000001,9.52374,18.592480000000002,6.76056,28137.213220000005,15086243.115,586032.0338953489,10.8353,8.0514,3.3847,3.0359,9.5336,1.8907,7.9764,2.0725,3.0428,3.744,7.1823,13.6,8.9186,3.9256,5.7027,7.1953,5.9117,5.3772,2.2974,7.4488,8.2263,4.7858,5.6608,4.8631,1.8907,44.6354,244.9986,852.4126,10676.6199,1640.4848,137.2363,19.0585,2.789,8.0676,18.3404,31.1997,93.1833,40.0826,10.4295,11.8637,9.2882,14.865,8.3322,23.8118,11.4356,34.154,7.7275,140654.5389,75430180.5684,75430180.5684,14,5,5,5,5,5,5,5,5,5,5,5,5,5,5,5,5,5,5,5,5,5,5,5,129
nsmallest,-999,2,2,3,0.999,0.002,1254,11.46805,23.7951,26.9389,25.785,26.6442,1.8972,4.6958,2.0938,3.4765,7.2973,13.1965,14.9551,19.798,6.0372,4.7662,4.9502,7.3221,6.2646,8.5299,7.8065,16.0293,6.917,8.2895,11.9467,8.5114,15.369421428571428,49.43206,30.09812,32.5634,24.52194,11.27394,85.68694,2.0736999999999997,4.91828,7.1646600000000005,16.362099999999998,17.61978,51.3519,4.89872,6.2225,5.09978,6.95316,5.6287,11.78908,9.915140000000001,18.80282,5.939220000000001,7549.280040000001,1766574795.10694,68472201.38516667,10.2333,4.7101,8.149,24.5358,10.5421,1.7446,2.261,1.6037,2.5214,5.6233,8.1143,3.8969,4.9509,3.0337,4.2187,4.1004,4.913,3.2444,2.279,2.8328,12.0761,2.7653,5.311,2.6516,1.6037,22.9905,139.1763,63.5438,43.9269,37.3875,26.9073,413.404,2.3726,7.7424,8.7504,26.3238,44.7173,111.242,6.2474,8.8616,7.1935,8.8915,8.3102,22.7448,22.6549,31.7916,8.5114,37708.0014,8832796158.1271,8832796158.1271,14,5,5,5,5,5,5,5,5,5,5,5,5,5,5,5,5,5,5,5,5,5,5,5,129
nsmallest,-999,3,1,1,0.999,0.002,1254,18.0904,77.2997,5.7352,467.6068,44.8437,10.5318,3.9783,1.8785,2.4698,31.7637,19.0077,31.3364,53.9179,4.4944,3.8972,5.159,8.0147,4.0056,7.3567,8.5587,5.0825,8.6029,4.1014,11.8704,8.1394,18.119828571428574,62.19052000000001,14.699679999999997,5890.26362,266.04936000000004,51.9028,74.6241,1.8691,4.322419999999999,30.81268,55.97714,63.871300000000005,144.93154,4.76744,3.6832599999999998,6.98066,8.31526,4.7415400000000005,6.3509,27.524220000000003,6.21936,7.180540000000001,5.78834,272168.60776,10812.496475193799,8.5638,3.9008,0.3009,420.429,5.6636,1.4223,2.6175,1.6042,1.9301,8.1394,3.3977,14.7244,6.0378,3.95,2.4037,4.8531,3.8233,2.2313,3.9936,6.7719,2.5555,3.6217,4.0133,1.8318,0.3009,22.9972,109.0816,42.9158,14535.6406,672.6187,231.5535,329.4823,2.1334,7.7883,42.6192,234.6615,129.7527,328.7825,6.8167,5.4612,14.6719,17.6617,9.7909,8.0661,86.5382,12.4007,9.8101,12.3905,1360717.3263,1360717.3263,14,5,5,5,5,5,5,5,5,5,5,5,5,5,5,5,5,5,5,5,5,5,5,5,129
nsmallest,-999,3,2,2,0.999,0.002,1254,9.0166,12.1912,19.8297,18.7349,35.295,6.4932,35.4698,1.6149,5.0706,3.7691,5.3067,35.303,36.8553,7.754,6.1028,3.2747,4.884,4.9945,3.5509,5.7505,9.9437,2.8437,5.6479,77.5846,7.2282,10.56405,119.90884000000001,84.49136,55.02216,24.413760000000003,17.7757,46.62596,1.6804000000000001,4.621560000000001,8.66252,10.05814,29.31746,31.82788,6.34614,8.3998,4.44516,5.4686,4.49622,3.3226799999999996,6.82118,8.28176,3.9960999999999998,5.7604,1268.00106,69.3536503875969,7.1075,1.9411,4.7539,17.8967,2.6154,4.8251,2.0254,1.6125,2.3364,3.1716,3.3805,4.2752,2.8795,2.6469,4.4373,3.0373,4.1901,2.0753,1.7728,4.0385,2.55,2.605,3.8838,7.7132,1.6125,15.8702,530.2953,205.4355,200.7766,36.6634,47.0322,140.5605,1.9329,7.5445,18.5802,24.6242,61.5519,51.5765,8.434,14.1126,7.7121,7.2282,6.6754,4.3629,12.3897,10.9858,7.8779,8.4813,5679.6533,5679.6533,14,5,5,5,5,5,5,5,5,5,5,5,5,5,5,5,5,5,5,5,5,5,5,5,129
nsmallest,-999,2,3,2,0.999,0.002,1254,10.45425,12.0724,18.5537,19.6851,15.5606,13.964,21.5133,2.2547,3.0327,4.2784,6.8999,8.8735,16.207,6.6215,4.27,4.4345,5.9103,6.6456,3.0588,5.7102,4.7633,4.5838,8.4571,4.2022,6.6215,11.545792857142857,123.88462,228.7138,872.04766,18.293200000000002,12.928540000000002,21.60788,2.08736,3.27438,4.795640000000001,6.17612,16.610039999999998,30.6067,5.81072,4.779179999999999,4.79694,4.7541,6.919700000000001,8.74692,5.54844,7.49084,5.5857,18466.95156,1758.56348,839.2752612403101,7.811,1.7095,3.9406,2.9996,2.2936,1.5376,1.6548,1.2361,2.6789,3.0803,3.5073,4.2421,4.2653,3.8217,3.7428,4.3631,1.6389,2.5937,2.2487,3.482,3.8364,1.7986,2.0406,1.4127,1.2361,20.1719,540.8208,1055.6567,2189.6869,29.6136,21.1621,39.9205,2.7054,4.0488,7.7217,9.22,44.8837,88.5803,7.9205,5.8508,5.9469,7.9892,10.2829,17.918,7.639,18.3272,12.1482,92288.1037,7784.9137,92288.1037,14,5,5,5,5,5,5,5,5,5,5,5,5,5,5,5,5,5,5,5,5,5,5,5,129
nsmallest,-999,3,1,2,0.999,0.002,1254,12.58005,46.6004,20.4253,226.8735,27.0923,5.8215,2.629,1.734,3.5857,11.4643,10.9103,17.4555,16.2473,3.5575,3.5628,5.4909,4.7451,3.8552,4.3897,6.2217,8.02,5.6329,6.4337,7.9754,6.5668,12.62477142857143,35.554,22.145400000000002,1364.85382,67.65928,55.84842,21.43496,1.91724,3.0396799999999997,10.96938,15.13374,21.308780000000002,79.05936,3.4912800000000006,3.43912,6.20876,6.0883400000000005,4.35004,4.28088,12.17746,7.937479999999999,5.00756,6.14504,94577.95895999999,3735.323966666667,6.8881,3.0807,2.7089,206.4301,4.6653,1.7974,2.2589,1.711,1.9638,6.5668,3.0889,9.752,8.5755,2.5436,2.6706,4.1513,4.4776,3.3123,3.7135,5.4871,2.5476,3.0728,3.2123,2.5115,1.711,15.1615,56.8543,42.0015,3183.4837,156.528,262.3696,75.9839,2.601,3.8937,12.7839,47.4676,33.2074,179.3814,5.1874,4.4081,11.3922,11.9122,5.5715,4.7883,30.1402,12.8802,7.2772,10.3162,472777.2546,472777.2546,14,5,5,5,5,5,5,5,5,5,5,5,5,5,5,5,5,5,5,5,5,5,5,5,129
nsmallest,-999,3,3,1,0.999,0.002,1254,7.66415,3.9804,19.0085,11.8411,24.3951,9.2765,32.4197,1.7024,3.2388,21.9145,8.125,24.4609,12.4608,1.6902,3.2456,4.1738,2.5703,3.8693,9.3111,3.8417,5.2592,4.7974,3.5849,5.1298,6.0173,9.394400000000001,71.55127999999999,29.18116,13894.734059999999,45.37518,63.79022,21.64736,1.6458,3.40622,18.91436,10.342859999999998,22.264760000000003,14.37622,3.7072200000000004,3.30102,4.02484,4.6772800000000005,3.66552,14.421199999999999,5.271,7.47552,5.66706,5.36308,44963596.63874,1743328.5948170545,7.1691,0.6504,3.1512,2.9274,17.884,3.2424,1.6901,1.3493,2.3496,3.9278,3.1769,3.2736,2.9335,1.1715,1.9959,2.3237,1.8294,2.6217,1.8295,3.3077,4.3165,2.7256,1.6128,0.8225,0.6504,16.5596,328.9427,71.3068,35234.3456,105.9872,170.0703,33.8496,1.9376,5.4529,34.0204,17.6484,36.0435,37.2634,10.0668,4.7286,6.0034,10.6935,4.7743,27.9517,11.793,14.7266,11.0434,12.1542,224817917.1953,224817917.1953,14,5,5,5,5,5,5,5,5,5,5,5,5,5,5,5,5,5,5,5,5,5,5,5,129
nsmallest,-999,3,2,3,0.999,0.002,1254,7.06935,10.8713,12.9856,17.7543,14.224,4.3168,27.2177,1.5897,4.3879,3.6787,4.6212,17.7087,19.6891,6.0078,5.3366,3.5116,4.6902,5.6488,2.8757,4.5308,8.4391,3.1951,5.0705,55.0958,6.0078,8.424842857142858,56.059659999999994,57.65146,34.79214,13.45542,12.19192,27.70654,1.64418,3.73402,6.04236,6.865780000000001,13.5808,17.07376,5.0290799999999996,7.730200000000001,4.03306,4.94962,4.46134,2.96888,4.56652,9.602500000000001,3.9903,13.42784,1217.2661,60.1710480620155,5.8405,2.1232,4.9113,9.3505,1.9055,3.6872,1.9487,1.4187,2.3655,2.6317,3.6128,3.492,3.0632,2.727,3.3666,2.9391,3.9202,2.1604,1.7198,3.2345,2.3654,2.6607,3.8101,6.6157,1.4187,12.061,218.6446,155.6955,119.1644,29.8746,32.229,69.7675,1.9774,5.1357,10.495,13.7713,20.8956,24.4056,6.7733,13.6982,5.2603,6.2519,5.9908,4.156,6.4633,17.2185,7.4288,47.5564,5837.475,5837.475,14,5,5,5,5,5,5,5,5,5,5,5,5,5,5,5,5,5,5,5,5,5,5,5,129
nsmallest,-999,2,4,1,0.999,0.002,1254,10.4926,2.6644,49.9099,68.819,56.3184,1.6043,8.3249,2.4407,2.7225,6.8076,12.4214,9.184,9.2027,4.6181,8.9,7.751,4.6843,5.8465,5.9652,3.3362,5.814,2.1792,3.272,2.027,5.9287,9.987492857142856,59.245360000000005,41.86298,1261.27922,42.01796,22.203139999999998,66.1896,2.34388,3.2231,6.91738,32.1075,11.227619999999998,6.840120000000001,4.92,7.39608,6.39984,4.9305,5.64398,15.25764,3.7656599999999996,4.6985399999999995,2.4904,3.7858199999999997,9231585.0673,357877.04568217054,4.657,2.0184,0.146,1.4401,12.4852,1.4778,1.074,1.82,2.715,4.0913,2.261,4.5381,1.504,2.6556,3.0721,2.3432,3.0686,1.9955,1.2342,2.194,1.7568,0.9174,1.404,0.8198,0.146,14.6968,254.562,88.5065,3118.5783,62.3577,98.5286,296.9749,2.5687,4.6132,12.0867,68.8314,21.1038,10.8263,9.992,9.6858,8.2484,6.8939,8.0579,33.3327,7.0468,6.7619,5.9881,8.1684,46157902.8771,46157902.8771,14,5,5,5,5,5,5,5,5,5,5,5,5,5,5,5,5,5,5,5,5,5,5,5,129
nsmallest,-999,4,2,1,0.999,0.002,1254,7.646850000000001,4.783,13.3308,282.9751,23.2133,4.6655,2.0012,1.9194,3.6589,8.5864,24.1018,13.9856,10.9257,2.1792,4.1013,3.0545,9.0309,3.5454,5.1949,3.7133,3.8637,8.7487,4.2348,3.3821,5.7912,8.563828571428571,66.82202,84.23406,226.83571999999998,26.961840000000002,37.013259999999995,5.5134,1.9439799999999998,4.0707,8.62884,26.289859999999997,22.63458,12.849860000000001,4.29904,4.65496,3.8938,6.69882,4.18488,5.72198,3.6925800000000004,3.5700000000000003,6.437099999999999,4.81306,196631470.7199,7621397.9249209305,5.1161,3.5213,2.6703,1.9949,2.6925,1.7499,1.7967,1.6708,1.272,2.0066,1.7436,4.5421,2.8042,2.1414,2.6081,1.7594,1.6077,1.2525,2.6049,2.1821,2.2213,2.2283,2.3673,1.6554,1.2525,14.0896,314.1676,344.3892,293.4773,43.4378,139.0657,18.0488,2.1483,6.001,15.3072,44.9778,47.4233,29.2466,8.3868,6.7364,6.6094,9.0953,9.2893,12.319,5.9842,4.0558,10.0324,8.4628,983156738.3657,983156738.3657,14,5,5,5,5,5,5,5,5,5,5,5,5,5,5,5,5,5,5,5,5,5,5,5,129
nsmallest,-999,3,1,3,0.999,0.002,1254,9.75665,33.0947,12.5319,143.7019,21.7406,4.3494,2.3098,1.6251,2.7341,6.9491,9.6935,10.1882,9.4209,3.1572,3.0161,5.1524,4.1575,3.4456,4.0646,6.6399,6.559,5.0193,5.0974,5.0517,5.4879,9.729185714285714,29.60428,15.79386,388.07414,29.19948,26.73994,12.017259999999998,1.7720600000000002,2.42378,7.42304,10.77312,13.06822,56.24862,3.0457799999999997,3.35524,6.31142,4.63214,3.7652200000000002,3.8618200000000003,9.37614,9.09338,4.460800000000001,6.33024,43561.9183,1714.5941860465116,5.4879,2.8509,3.8193,131.741,3.0594,1.5967,2.2502,1.5045,1.9094,5.9489,2.2435,7.0767,6.5931,2.4892,2.8531,4.6316,3.4223,2.8904,3.4451,4.1966,3.5746,2.4305,3.7391,3.7352,1.5045,11.4262,62.5747,34.6029,784.765,60.9172,120.9176,35.4439,2.5255,2.7947,8.9612,29.8683,20.0689,128.2838,3.8752,4.9212,11.8079,7.8392,4.8576,4.2684,21.3599,16.8908,6.4275,12.7207,217760.6205,217760.6205,14,5,5,5,5,5,5,5,5,5,5,5,5,5,5,5,5,5,5,5,5,5,5,5,129
nsmallest,-999,4,1,1,0.999,0.002,1254,7.7955000000000005,5.3739,5.574,29.6809,4.297,8.1849,1.938,1.7167,2.4134,11.8913,24.0562,21.0301,11.6625,7.4112,3.4499,4.2035,4.6225,3.8082,4.9544,4.4386,3.4924,3.7301,3.7293,3.4846,5.3739,8.888578571428571,398.79804,2356.53774,537.86228,72.02564,13.543020000000002,12.26348,1.9939799999999999,3.32378,17.12354,37.6242,1439.8202,247.03977999999998,12.17022,3.4974600000000002,5.042,4.7724400000000005,3.8433,5.774179999999999,4.25844,3.4967599999999996,4.38814,4.328239999999999,58082044.80538,2251444.155824031,6.8054,1.3837,0.3458,22.2397,4.1804,1.5985,1.3412,1.4365,2.1793,1.5123,17.5671,1.8804,2.4721,1.9352,2.6029,2.0757,3.3372,1.67,2.7716,2.9267,1.3754,1.4119,2.2007,2.2946,0.3458,15.1532,1948.2963,11747.8812,2584.128,323.6673,33.7659,28.469,3.344,4.8206,55.669,83.5196,7113.2294,612.6051,22.4225,4.5808,9.4919,6.2696,6.0668,8.4784,4.7813,7.7348,8.6332,9.0891,290409447.9113,290409447.9113,14,5,5,5,5,5,5,5,5,5,5,5,5,5,5,5,5,5,5,5,5,5,5,5,129
nsmallest,-999,2,3,3,0.999,0.002,1254,8.082650000000001,10.1066,15.7067,11.8289,11.0876,7.8057,12.3197,1.7821,3.1047,4.2477,5.6195,5.8729,9.3079,4.6299,3.2645,3.4163,3.3131,4.8889,8.3323,4.4118,4.3878,2.8053,6.823,5.0183,5.2681,8.88647142857143,58.7676,81.35868,245.8801,31.17174,8.29646,18.079720000000002,2.01154,3.0260800000000003,4.2562,4.87096,8.18492,14.392419999999998,4.14632,4.083679999999999,3.8116999999999996,3.2692799999999997,4.640980000000001,18.33118,4.07926,11.986099999999999,3.98238,14264.82428,721.66642,602.7131829457364,6.0921,1.7614,3.2306,2.8674,2.7307,1.5973,1.7943,1.2171,2.2768,3.6206,2.7702,3.4944,4.3281,2.5059,2.9867,2.9936,1.5785,3.1903,2.1807,2.7771,2.8576,1.778,1.9365,1.8726,1.2171,14.86,225.6708,345.8464,611.0466,67.6798,14.5271,48.5997,2.8493,4.1412,5.2681,7.1463,15.7153,33.0368,4.7879,5.5179,4.9839,5.52,5.7564,39.023,5.2798,43.5316,8.5948,71295.0298,3341.0963,71295.0298,14,5,5,5,5,5,5,5,5,5,5,5,5,5,5,5,5,5,5,5,5,5,5,5,129
nsmallest,-999,3,3,2,0.999,0.002,1254,7.6114999999999995,5.0971,43.8494,7.1145,15.7851,6.1484,13.4733,1.6907,3.2676,7.2781,6.4584,8.8035,10.8635,2.4698,2.952,2.4902,3.2647,2.6053,5.2307,3.5851,7.5471,2.9152,3.2366,3.2668,5.2307,8.053671428571429,42.86914,74.60942,25634.65582,24.81288,55.863699999999994,10.2655,1.6379000000000001,3.01388,7.0854,5.9841999999999995,7.8147199999999994,9.04688,3.1435400000000002,4.15172,3.44198,3.85466,2.95648,6.17198,4.1886600000000005,6.65804,4.98472,4.6175,3451534.9614600004,134786.020948062,5.7889,3.0943,4.0058,2.6711,11.4619,2.7999,2.021,1.4877,2.1606,3.3206,2.9546,3.8529,2.5862,1.2144,1.9704,2.459,1.8554,2.2466,1.4449,3.0903,3.9692,2.8896,1.67,0.928,0.928,13.4185,102.3168,246.0452,65069.4887,63.1443,219.9877,19.1569,1.8077,3.6016,12.6834,8.2752,10.6024,15.0456,6.7096,9.7492,6.7682,6.9,4.2585,10.4822,6.5824,8.0789,12.7817,11.0901,17257628.8281,17257628.8281,14,5,5,5,5,5,5,5,5,5,5,5,5,5,5,5,5,5,5,5,5,5,5,5,129
nsmallest,-999,4,1,2,0.999,0.002,1254,6.246700000000001,4.7173,5.3234,13.3152,3.3861,5.4893,2.1254,1.6698,2.6929,6.6528,9.6651,11.2754,9.0407,7.6601,3.3561,5.037,3.7518,2.5272,3.5971,3.6573,5.0274,2.9425,4.6676,6.2507,5.037,7.152121428571428,93.83668,511.50844000000006,134.97888,33.153659999999995,9.235499999999998,8.53458,1.7967600000000001,2.91004,6.75042,15.575380000000001,93.64456,24.60642,6.9417,3.93562,4.777559999999999,3.39796,2.92254,3.55614,4.96472,4.55996,3.3479599999999996,6.9851399999999995,10355525.7588,401415.8025333333,5.8173,1.6976,2.7705,11.8589,3.0054,4.8141,1.379,1.4402,2.2069,1.627,8.823,2.572,2.4506,2.6135,2.4047,3.306,2.5511,2.2025,2.3986,3.1147,3.0255,1.5426,3.2477,3.8075,1.379,10.6352,424.1405,2520.7224,623.9388,141.7386,23.9272,18.7198,2.4238,3.6752,15.4334,38.1067,422.2412,53.3266,10.2769,5.7913,6.4564,4.0366,3.9455,4.1843,7.4137,6.197,5.7086,14.3692,51777292.4133,51777292.4133,14,5,5,5,5,5,5,5,5,5,5,5,5,5,5,5,5,5,5,5,5,5,5,5,129
nsmallest,-999,2,4,2,0.999,0.002,1254,6.9361,5.7539,29.8459,24.9988,18.3784,3.0132,7.4991,1.9446,2.7752,4.1259,8.0165,6.2736,5.1639,3.1325,5.7254,3.7638,4.6409,4.0959,3.2365,4.8305,5.5241,8.7165,4.0677,1.7302,4.7052,7.792371428571428,40.11754,25.137880000000003,323.49038,15.785480000000002,10.87804,25.23148,1.96212,3.28016,4.82302,8.4739,6.08916,4.68766,3.7992800000000004,4.95694,3.6741,4.02576,3.7527999999999997,6.85136,5.0271799999999995,4.99254,6.928700000000001,4.37088,1489143.94926,57739.69396356589,4.1165,3.2279,1.474,1.3166,10.0757,1.4654,1.4559,1.3863,2.6429,3.4826,3.1232,4.531,3.0785,2.2992,2.5943,2.1822,2.7888,3.0063,1.5438,3.7647,2.5226,2.892,2.088,1.3885,1.3166,12.3473,173.5964,46.0274,790.451,18.8167,42.753,102.1093,2.3475,4.7052,8.8724,13.3612,8.3573,6.3257,7.731,6.0046,5.009,4.7953,4.2748,13.7405,6.7386,6.4586,9.6772,9.0793,7445700.4102,7445700.4102,14,5,5,5,5,5,5,5,5,5,5,5,5,5,5,5,5,5,5,5,5,5,5,5,129
nsmallest,-999,3,4,1,0.999,0.002,1254,8.2808,14.972,7.5338,18.7944,3.8745,41.8267,22.7545,1.3875,3.803,4.8769,5.704,3.9706,4.4908,4.3636,2.4565,1.8003,7.3918,3.7908,6.2111,8.0811,5.0707,1.3475,2.9773,2.6018,4.6049,7.550614285714286,22.537399999999998,245.56571999999997,13.24504,68.22486,347.68580000000003,18.08468,1.4719799999999998,3.61676,6.0482,8.07724,15.001920000000002,6.684279999999999,7.219799999999999,2.54006,2.1665,7.3257,4.16962,7.03158,8.08466,7.73736,2.07848,4.699199999999999,2.22802,32.2738984496124,3.4763,1.4224,4.2233,2.2909,2.2176,1.2583,1.1958,1.1953,1.8757,3.0773,2.8173,1.4532,2.9177,1.18,1.5732,1.3454,2.1876,2.4026,2.362,4.4366,1.6099,1.1991,1.8156,0.8538,0.8538,9.6789,58.7644,1199.8382,23.8964,243.0747,945.1108,29.3179,2.0318,5.0506,9.9212,17.2049,34.049,10.8396,14.7342,3.9385,3.8127,11.1929,6.67,11.5986,14.425,17.6328,4.6049,10.2155,3.7577,1199.8382,14,5,5,5,5,5,5,5,5,5,5,5,5,5,5,5,5,5,5,5,5,5,5,5,129
nsmallest,-999,4,2,2,0.999,0.002,1254,6.9262,4.8685,11.4267,68.2341,14.9636,4.0019,2.3168,1.5342,3.0683,4.18,12.9009,5.8259,7.7668,2.9529,3.0609,2.1726,5.4678,2.4986,2.9959,2.8721,3.3798,4.3401,8.2765,3.8972,4.5467,7.083885714285714,53.16184,41.1043,85.71902,25.8851,42.79086,3.6062000000000003,1.63714,3.3668799999999997,6.772320000000001,11.30706,11.037020000000002,7.02294,4.55434,3.9643,4.14084,4.50082,2.9569199999999998,4.432119999999999,3.0645800000000003,3.42518,4.01832,7.95394,13029594.01896,505036.8323984496,4.7639,2.6516,3.749,1.8476,2.5278,1.7076,1.8138,1.4375,1.6054,2.4345,2.9893,4.514,2.9865,1.7315,2.613,1.9279,1.4359,1.4868,1.9967,2.4016,2.673,2.3507,2.0005,1.7271,1.4359,9.8474,248.4501,147.0145,147.8319,48.843,187.8831,9.1346,1.9064,4.5657,16.1964,14.7171,23.8912,10.079,7.8224,6.1352,9.0714,6.3387,5.039,10.9925,4.2833,4.0235,5.5892,16.6046,65145832.8088,65145832.8088,14,5,5,5,5,5,5,5,5,5,5,5,5,5,5,5,5,5,5,5,5,5,5,5,129
nsmallest,-999,4,3,1,0.999,0.002,1254,6.93865,2.9582,7.1421,24.3946,39.166,1.3281,25.022,1.2539,2.5635,4.9825,7.5427,4.1162,7.1107,4.4885,2.3169,3.9079,2.9322,3.6836,2.3892,3.9957,3.1922,1.8965,2.416,1.0608,4.4369,6.787835714285714,60.05404,108.15366000000002,434.0305,69.17898,54.35104,19.386599999999998,0.8996999999999999,2.7107,5.726940000000001,10.11564,7.3354,8.37902,6.53524,2.5321399999999996,4.0472,4.22372,4.642740000000001,2.56794,4.70486,4.17438,2.4287599999999996,4.14114,2118.1318,114.63015813953488,5.084,1.2055,0.466,20.017,3.286,1.0973,4.5041,0.1701,2.1245,2.2461,4.502,2.6144,2.3629,1.5163,2.2154,1.9162,1.4048,1.1084,1.5205,2.3119,1.975,1.1787,1.0596,0.8455,0.1701,8.0388,287.0646,333.1288,2074.2037,150.6483,136.3586,28.1287,1.6056,3.7029,11.7454,24.2757,23.0004,13.02,12.5223,3.4303,5.4361,9.2213,8.1628,3.3917,8.8564,8.0859,5.0557,11.1371,10586.0784,10586.0784,14,5,5,5,5,5,5,5,5,5,5,5,5,5,5,5,5,5,5,5,5,5,5,5,129
nsmallest,-999,3,3,3,0.999,0.002,1254,6.029450000000001,4.1265,30.0605,6.4547,8.7904,4.2916,9.3955,1.5369,2.447,4.9007,4.5542,5.0365,8.9593,2.7644,4.5994,2.9528,3.4386,2.8969,3.566,2.5451,7.7276,3.0789,2.9624,3.1513,4.363,6.408242857142858,39.78486,33.656600000000005,4427.51286,13.91336,28.765480000000004,7.70096,1.47536,2.59698,5.59372,4.19784,5.65486,7.30822,2.84084,5.10828,3.43368,3.58476,2.84612,3.9220999999999995,2.8345399999999996,7.816599999999999,3.4520600000000004,3.9973,2294522.19788,89114.65652480621,5.0734,3.225,3.3026,2.8337,7.1536,2.2363,1.8763,1.2755,2.0582,3.9555,2.7723,2.9295,2.1562,1.3084,2.0413,2.8175,2.0851,2.2268,1.4672,2.3007,5.4905,2.2122,2.2546,1.3956,1.2755,9.6067,131.9128,88.5273,11206.3738,35.7391,106.4214,14.8934,1.6647,3.0385,8.7337,6.0669,9.0002,11.8852,4.934,11.1048,5.504,5.5509,3.742,5.6187,4.1021,9.6775,6.4967,6.4511,11472579.2172,11472579.2172,14,5,5,5,5,5,5,5,5,5,5,5,5,5,5,5,5,5,5,5,5,5,5,5,129
nsmallest,-999,4,1,3,0.999,0.002,1254,4.873200000000001,4.0696,5.4827,11.7425,2.6684,4.358,2.3193,1.543,2.9659,5.3085,7.145,8.4127,8.8202,5.359,2.7877,3.7148,2.6831,2.6683,2.473,3.3817,4.711,2.5004,3.606,6.686,4.1731,5.7355,53.12542,235.1038,60.442240000000005,20.5063,7.70676,6.617839999999999,1.673,2.8972,4.83184,8.433159999999999,26.8322,11.35894,4.74574,3.04786,3.94566,2.86238,2.84634,2.9892399999999997,4.3604199999999995,3.9396999999999998,3.1092199999999997,4.7795000000000005,4772850.1824,185013.27118449612,4.7454,1.8862,3.461,8.1322,2.3558,3.8555,1.4903,1.3717,1.8925,1.7908,5.5856,2.9024,2.7432,2.3895,2.2031,3.2456,2.3945,2.0011,1.8556,2.746,2.5918,2.2311,3.1085,2.4978,1.3717,8.7469,227.6995,1146.0754,262.1883,85.128,20.2223,13.6974,2.3188,3.7095,9.6565,15.6887,102.8311,20.4529,6.1716,4.007,4.9034,4.0526,3.4565,4.1731,6.5458,4.9264,4.7151,8.9061,23864029.6081,23864029.6081,14,5,5,5,5,5,5,5,5,5,5,5,5,5,5,5,5,5,5,5,5,5,5,5,129
nsmallest,-999,4,2,3,0.999,0.002,1254,5.68485,4.5545,8.5165,30.4502,9.2325,3.4936,2.0833,1.4949,2.6042,3.5539,8.8124,4.61,5.2245,2.8317,2.5596,2.4629,4.0272,2.9407,2.7675,3.3902,3.1722,3.3812,4.812,3.5137,4.0469,5.774035714285715,47.519040000000004,24.55014,46.26844,16.81138,30.08596,2.80772,1.52342,3.1585,4.74892,7.4289000000000005,7.7647,5.03278,3.5885400000000005,3.2577399999999996,3.88016,3.45674,2.85424,3.47964,3.0351,3.5105199999999996,3.29442,5.52696,11496227.17314,445599.8807906977,4.1558,2.3527,4.1228,2.167,2.1059,2.1008,1.843,1.4491,2.4517,2.5604,2.8518,3.934,3.1994,2.0823,2.3232,1.8638,1.5212,1.4583,2.0772,2.0037,2.9392,2.4364,3.0503,2.218,1.4491,7.3185,221.8041,55.674,84.9529,32.9553,128.6981,5.6596,1.614,4.1108,7.4705,9.2024,16.3675,6.5042,5.6278,4.6888,7.4392,4.502,3.6875,7.0064,3.9002,4.2345,3.8678,10.7701,57480706.6628,57480706.6628,14,5,5,5,5,5,5,5,5,5,5,5,5,5,5,5,5,5,5,5,5,5,5,5,129
nsmallest,-999,4,3,2,0.999,0.002,1254,5.949999999999999,5.1646,19.2377,12.0111,24.5738,4.3328,17.8314,1.0402,3.3377,3.8999,8.8786,3.326,6.905,3.7726,2.7096,3.6747,2.8639,3.5715,2.9696,3.8446,3.3944,2.0171,3.227,1.4568,4.0453,5.865707142857143,24.5303,54.1962,76.28171999999999,23.43048,27.144599999999997,12.917580000000001,1.1926999999999999,2.97666,4.41544,8.03844,4.40846,5.70312,3.7572,3.36486,4.14716,2.82382,3.8526800000000003,2.56636,3.63442,4.07558,2.4378599999999997,4.7976,1118.8849599999999,54.88380542635659,4.3413,2.5957,4.7464,10.5294,2.7941,1.091,2.7308,0.9754,2.107,2.861,2.8799,3.0644,1.7647,1.7279,2.1711,2.7344,1.4404,1.7077,1.8346,1.6816,1.7464,1.8045,2.1331,0.908,0.908,7.153,93.1141,164.6571,334.7249,42.9507,65.6706,18.1687,1.5285,3.3696,7.6594,12.2427,9.1432,7.002,5.1681,4.9779,5.7234,4.1575,6.4519,3.2021,4.6046,7.4304,3.8677,11.8082,5587.9734,5587.9734,14,5,5,5,5,5,5,5,5,5,5,5,5,5,5,5,5,5,5,5,5,5,5,5,129
nsmallest,-999,3,4,2,0.999,0.002,1254,6.5133,9.5718,6.0193,17.4222,3.1737,29.8089,16.8951,1.5054,3.3234,3.7046,3.7052,2.4491,5.6711,3.5741,2.4837,2.3868,3.786,3.0229,4.1258,4.433,2.8829,2.011,2.9222,1.6759,3.6627,6.085535714285714,17.352359999999997,127.4917,20.00958,29.6132,77.40729999999999,11.53236,1.5301200000000001,3.22744,4.82096,4.4875,6.8307199999999995,5.76738,4.22586,2.5313600000000003,2.36906,4.18696,3.0456399999999997,5.66718,4.563280000000001,4.6798,3.0596,3.5064599999999997,1.55446,14.205417829457364,3.6296,2.3418,3.6627,2.5152,1.9089,1.2833,1.5221,1.3279,1.9781,2.0665,2.5498,1.1611,4.2155,1.5295,1.8499,1.6857,2.4339,2.2571,2.2009,2.7551,2.3776,1.5319,1.7291,1.0755,1.0755,7.4944,41.6209,602.1381,60.0285,79.4204,187.7475,17.9427,1.6927,4.0519,10.0677,6.4747,14.3781,7.3265,7.0288,3.38,3.2806,6.3231,4.0981,9.034,7.3877,9.5214,7.7633,6.2627,2.1566,602.1381,14,5,5,5,5,5,5,5,5,5,5,5,5,5,5,5,5,5,5,5,5,5,5,5,129
All,,,,,,,,6.45885,4.0984,5.918100000000001,17.49125,10.563749999999999,2.25975,2.90225,1.53995,2.60705,4.0234000000000005,5.61735,4.93585,5.5964,2.9457,3.0183999999999997,3.058,3.35265,3.02905,3.02635,3.6511,4.2856000000000005,2.62235,3.35065,2.50465,3.5854,9.416870089285714,73.07195458333332,136.44624833333333,11134.10258,65.03090958333333,30.667224583333333,39.45984958333334,1.633115,3.0644054166666668,8.321247916666668,14.924164166666666,67.943125,61.47883125,4.5594975,4.483187083333333,4.407522083333333,5.448114166666667,4.217357083333334,5.960157083333333,5.78079625,6.4473883333333335,3.797751666666667,7616.5754495833335,9104222631.437586,352877595.1792906,1.1654,0.1829,0.146,0.9476,0.8798,0.7665,0.9034,0.1701,0.8749,1.1265,0.8462,0.9403,0.8667,1.0919,0.9964,1.0505,1.0444,0.8882,0.9893,0.8222,0.8667,0.9174,0.8652,0.8198,0.146,116.3177,2928.1519,11747.8812,1094596.8882,1640.4848,945.1108,4202.3352,4.0142,11.3285,166.2079,345.3514,7113.2294,4154.2892,43.0458,28.1732,45.2688,91.4994,31.0835,43.6623,86.5382,43.5316,19.435,702551.3914,2103683708601.6165,2103683708601.6165,672,240,240,240,240,240,240,240,240,240,240,240,240,240,240,240,240,240,240,240,240,240,240,240,6192
nsmallest,-999,2,4,3,0.999,0.002,1254,5.94705,4.1341,17.176,12.3445,13.2321,2.4137,4.8292,1.8024,2.8746,3.1622,6.0653,4.5301,4.6043,2.4507,3.423,2.7099,3.4697,3.1799,2.9979,3.5136,4.3132,6.4986,2.8583,1.5905,3.5563,6.348071428571428,30.754540000000002,16.092319999999997,138.86726000000002,20.69752,7.11866,16.111439999999998,1.7478000000000002,2.99178,3.56706,5.4682,4.461720000000001,4.063219999999999,2.64128,3.5669399999999998,2.85632,3.4593200000000004,2.93806,6.70294,3.62878,4.4689,5.39644,4.12382,621824.0962599999,24113.705239534884,3.5511,3.1615,1.6243,1.4457,5.1887,1.3767,1.4349,1.2292,2.1122,2.9774,2.8604,3.4747,2.6977,1.8527,2.7317,1.9173,2.7214,2.4579,1.4513,3.1251,2.5148,2.229,2.3741,1.1762,1.1762,10.3494,133.3117,30.5157,343.4033,61.2457,25.9488,52.7728,2.0648,4.3066,5.4299,7.503,5.2152,5.0897,4.5308,4.4841,3.7705,4.2435,3.2319,13.1767,4.4449,6.0055,8.5162,9.2542,3109106.1802,3109106.1802,14,5,5,5,5,5,5,5,5,5,5,5,5,5,5,5,5,5,5,5,5,5,5,5,129
nsmallest,-999,4,3,3,0.999,0.002,1254,4.89565,4.5676,10.4677,8.8491,11.6449,3.3538,13.2948,1.3881,3.1358,3.8847,5.5573,2.7695,4.6529,3.1984,2.2621,3.7953,2.4711,2.5375,3.0548,3.1791,2.7711,2.452,2.6261,1.2603,3.5403,4.773307142857143,19.44778,37.947500000000005,31.95704,14.40618,19.1536,10.93252,1.31642,2.85356,3.6699599999999997,5.445819999999999,3.17814,4.662,3.03054,2.54136,3.5602199999999997,2.51294,3.27646,2.95828,3.17104,7.66142,2.43916,3.1304600000000002,523.88856,28.159155813953486,3.87,2.6932,4.2424,8.3257,1.95,1.4823,2.2725,1.0995,2.1148,2.356,3.0024,2.5106,1.7034,1.7539,1.81,2.5425,1.5165,1.8674,2.1354,1.6112,2.6297,1.6514,1.6515,1.0156,1.0156,6.0149,66.299,123.9379,124.8412,27.7069,44.9651,18.8728,1.4053,3.2289,5.0269,7.8546,5.0498,7.5793,3.8053,3.494,4.5885,3.4023,5.1529,4.3587,4.1224,17.538,3.5403,5.3968,2609.9518,2609.9518,14,5,5,5,5,5,5,5,5,5,5,5,5,5,5,5,5,5,5,5,5,5,5,5,129
nsmallest,-999,4,4,1,0.999,0.002,1254,5.1541999999999994,4.5988,3.8994,23.5664,98.0117,5.6873,1.0652,1.7605,2.1424,9.7055,7.1795,3.8937,6.6412,2.0138,3.5333,2.0516,2.1743,3.2733,4.3019,2.9306,2.3494,1.4309,2.8296,1.9808,3.5333,4.8661642857142855,6.547,28.88644,59.27914,175.77447999999998,50.01838,4.77172,1.71834,2.52346,7.6111,6.0746,6.657260000000001,6.62042,3.664,3.65304,2.2331600000000003,2.73084,2.60262,4.6521,3.02958,2.8709,3.09588,4.57582,1.8680599999999998,15.700914728682172,3.4304,1.2834,2.3494,3.0055,2.6412,1.2942,0.9034,1.174,1.8008,2.0829,2.0701,3.8603,0.8667,1.5282,2.3604,1.4076,2.1467,0.8882,2.4725,1.1536,1.9756,1.2967,1.7963,0.8666,0.8666,6.8137,19.7895,82.0589,241.9647,383.3125,123.2624,19.705,2.5798,4.2775,11.0235,7.2134,16.1898,17.5474,7.9107,4.4735,2.9047,4.6664,3.8244,6.8945,4.8053,5.2002,5.7024,8.7809,2.8356,383.3125,14,5,5,5,5,5,5,5,5,5,5,5,5,5,5,5,5,5,5,5,5,5,5,5,129
nsmallest,-999,3,4,3,0.999,0.002,1254,5.1327,7.0846,4.6714,12.2904,2.3147,18.3838,13.0756,1.4766,2.5991,3.0922,3.253,2.1525,4.6366,2.9502,2.0405,2.2531,3.3088,2.5778,3.2664,4.5466,3.4996,2.0183,4.4785,1.373,3.2546,5.035178571428572,13.4393,65.31418,13.853800000000001,15.03868,31.92826,10.3961,1.56862,2.72018,3.95576,3.53622,4.24664,5.2674199999999995,3.0970000000000004,2.205,2.2560200000000004,3.63272,2.62862,3.47354,4.330579999999999,5.19406,2.66906,4.45544,1.42724,8.55554031007752,3.2381,2.4941,3.4792,2.3831,1.762,1.315,1.6538,1.3284,1.7972,2.5454,2.3627,1.2436,3.7273,1.4031,1.7338,1.8482,2.3381,2.4123,2.3797,2.4125,2.4763,1.4756,1.8154,1.024,1.024,6.0807,31.2413,304.3863,39.8308,36.469,71.9228,17.2336,2.0481,3.3802,6.4717,4.607,8.6497,6.8263,4.6988,3.3006,2.9542,5.8328,3.0929,4.6165,7.3646,9.8047,6.1338,8.8286,2.1541,304.3863,14,5,5,5,5,5,5,5,5,5,5,5,5,5,5,5,5,5,5,5,5,5,5,5,129
nsmallest,-999,4,4,2,0.999,0.002,1254,4.5209,3.0111,21.9062,20.5844,55.4289,3.9508,1.5941,1.791,1.7119,4.3958,5.7579,3.7942,3.4871,2.0525,2.8631,2.7251,1.9592,2.1915,3.8137,2.603,3.1762,1.7075,5.201,1.6079,3.2241,4.190857142857142,10.877699999999999,21.72074,27.27946,68.26732000000001,24.057139999999997,2.6199000000000003,1.6782,1.89242,4.39028,4.85556,4.81896,4.86184,2.6730600000000004,3.27322,2.58734,2.1037,2.23928,3.4587200000000005,3.07824,3.38116,2.26952,7.4519,1.59672,8.64987519379845,3.141,1.621,3.3204,2.8089,2.2196,1.2003,1.1326,1.1876,1.6567,1.8573,3.1464,2.9246,1.273,1.9941,2.4216,1.759,1.6614,1.1049,2.1376,1.8301,2.3578,1.1863,2.6326,1.1384,1.1049,5.5202,44.5228,52.3546,88.4797,138.7714,57.7816,7.5486,2.1975,2.5162,7.7315,6.1028,8.2091,14.6273,4.142,4.736,2.8924,2.7608,3.2362,4.0441,4.2719,5.0593,3.4565,14.299,2.1018,138.7714,14,5,5,5,5,5,5,5,5,5,5,5,5,5,5,5,5,5,5,5,5,5,5,5,129
nsmallest,-999,4,4,3,0.999,0.002,1254,3.7068000000000003,2.7053,12.4362,19.1081,22.9032,2.9603,1.6071,1.6914,1.8847,3.3376,4.2696,3.1892,4.6802,2.2618,2.5278,2.1956,1.982,1.786,2.5976,2.0618,3.1068,2.2819,3.1173,1.6332,2.7053,3.604807142857143,11.54392,14.724100000000002,16.765880000000003,30.90004,16.61244,2.1974,1.57564,2.02688,3.6170999999999998,3.92842,3.8992199999999997,4.52304,2.3276,2.55242,2.2790600000000003,2.0431999999999997,2.13232,2.69872,2.47254,2.7971399999999997,2.07822,6.00368,1.85546,5.877825581395349,2.8293,1.4512,4.0384,2.3262,2.0398,1.2389,1.1157,1.1984,1.5419,1.9349,2.3841,2.8922,1.2086,1.9382,2.2024,1.6131,1.6221,1.1666,1.6335,1.554,1.7587,1.5418,1.9355,1.444,1.1157,4.64,47.6345,34.1141,40.3442,62.1913,38.4838,5.444,1.979,3.1295,6.2282,5.242,6.1853,10.6759,2.9338,3.1917,2.93,2.3204,3.0132,4.2798,3.4507,3.4059,2.6189,12.1904,2.5501,62.1913,14,5,5,5,5,5,5,5,5,5,5,5,5,5,5,5,5,5,5,5,5,5,5,5,129
nsmallest,-999,1,1,2,0.999,0.002,1254,1.4336,1.2339,1.1667,1.1137,1.0956,0.9668,1.0146,0.8951,1.2764,1.8016,1.1809,1.2615,1.2851,1.4714,1.193,1.8879,1.8934,1.4709,1.6093,1.6652,7.2471,1.8604,1.8773,1.4256,1.4055,1.4334928571428571,1.19366,1.16906,1.12614,1.09276,0.9601599999999999,0.9895399999999999,0.8846399999999999,1.27016,1.72754,1.17086,1.2124000000000001,1.3911799999999999,1.50654,1.19852,1.781,1.94972,1.46626,1.5249599999999999,1.6595,6.6653,1.9462,1.9554200000000002,1.3380800000000002,1.5966426356589147,1.4051,1.1185,1.1588,1.1131,1.0471,0.908,0.9128,0.861,1.2511,1.6004,1.1137,1.1321,1.2747,1.4608,1.1872,1.3077,1.7815,1.4443,1.1779,1.4603,4.0345,1.8047,1.6786,1.1654,0.861,1.462,1.2494,1.1813,1.1701,1.113,0.9926,1.047,0.9004,1.2903,1.8195,1.1932,1.2659,1.5672,1.5698,1.2274,1.9144,2.2238,1.4846,1.6174,1.9163,7.4466,2.1095,2.3332,1.447,7.4466,14,5,5,5,5,5,5,5,5,5,5,5,5,5,5,5,5,5,5,5,5,5,5,5,129
nsmallest,-999,1,2,2,0.999,0.002,1254,1.44425,1.3349,1.2805,1.3498,1.2605,1.115,1.0527,0.9565,1.0433,1.7684,1.2556,1.1845,1.5445,1.4053,1.1587,1.7585,1.5714,1.6102,1.1295,1.3209,2.5656,1.5866,1.7379,1.3351,1.3763,1.4518071428571429,1.3062,1.26296,1.37746,1.22922,1.1091799999999998,1.07772,0.95198,1.17854,1.8046600000000002,1.25648,1.19232,1.54696,1.5382200000000001,1.1503999999999999,1.7525400000000002,1.5059200000000001,1.54174,1.2190400000000001,1.41996,4.61034,1.7085000000000001,1.79038,1.41986,1.5122341085271318,1.3758,1.1518,1.2007,1.2785,1.1214,1.0486,1.0281,0.8501,1.0375,1.7514,1.1645,1.1755,1.4561,1.3917,1.1131,1.5751,1.1549,1.4146,1.1276,1.2068,2.5136,1.5557,1.2796,1.1268,0.8501,1.5464,1.4485,1.3357,1.5115,1.2645,1.1588,1.1658,1.0484,1.4652,1.8886,1.3133,1.2395,1.605,1.9904,1.172,1.839,1.8317,1.6411,1.4096,1.7251,7.7336,2.2187,2.4096,1.7828,7.7336,14,5,5,5,5,5,5,5,5,5,5,5,5,5,5,5,5,5,5,5,5,5,5,5,129
nsmallest,-999,1,2,3,0.999,0.002,1254,1.40015,1.6398,1.6216,1.7848,1.2358,1.2215,1.0996,0.9935,1.111,1.6077,1.2472,1.1354,1.3456,1.2832,1.0661,1.6399,1.5166,1.3781,1.1089,1.249,2.0001,1.4361,1.538,1.3685,1.374,1.4208,1.65744,1.59126,1.73922,1.21612,1.2123000000000002,1.10418,1.0089000000000001,1.3257400000000001,1.6171600000000002,1.24924,1.16728,1.37178,1.3789,1.06378,1.5937000000000001,1.46892,1.39372,1.13856,1.3121,2.9002000000000003,1.4935399999999999,1.5375,1.34214,1.4287565891472866,1.3735,1.3783,1.3792,1.5666,1.1336,1.1787,1.055,0.939,1.1039,1.5133,1.0856,1.127,1.3148,1.2745,1.0474,1.3866,1.1969,1.3338,1.1072,1.1755,1.9675,1.3679,1.2174,1.1515,0.939,1.4896,1.9503,1.8718,1.9166,1.248,1.2536,1.1652,1.0837,1.8835,1.7353,1.3425,1.2807,1.4373,1.6306,1.0729,1.6547,1.7501,1.4567,1.2211,1.4819,4.2803,1.7839,1.8735,1.554,4.2803,14,5,5,5,5,5,5,5,5,5,5,5,5,5,5,5,5,5,5,5,5,5,5,5,129
nsmallest,-999,1,1,3,0.999,0.002,1254,1.37585,1.4635,1.7148,1.3539,1.0646,1.0252,1.0243,0.9365,1.4646,1.5708,1.1832,1.3054,1.1722,1.3037,1.0568,1.5835,1.6498,1.283,1.3265,1.4179,3.7988,1.5183,1.5899,1.204,1.3551,1.37575,1.4834200000000002,1.6353000000000002,1.3686,1.06164,1.0244,0.9961800000000001,0.9269999999999999,1.4610400000000001,1.54292,1.16352,1.20898,1.27186,1.34118,1.06388,1.5306799999999998,1.6941400000000002,1.28192,1.27378,1.45574,3.6185,1.54652,1.59744,1.2784600000000002,1.421674418604651,1.354,1.4429,1.4905,1.3517,1.0366,0.9911,0.9162,0.9021,1.4485,1.456,1.0636,1.0564,1.1636,1.2956,1.052,1.3023,1.5876,1.2739,1.0547,1.3963,2.7802,1.4902,1.5383,1.0764,0.9021,1.3976,1.5342,1.7357,1.4203,1.0729,1.045,1.0505,0.9465,1.469,1.6445,1.1955,1.3113,1.4356,1.4041,1.0977,1.5965,1.8666,1.2884,1.3333,1.5363,3.8754,1.6083,1.6548,1.4595,3.8754,14,5,5,5,5,5,5,5,5,5,5,5,5,5,5,5,5,5,5,5,5,5,5,5,129
nsmallest,-999,1,3,2,0.999,0.002,1254,1.3564,1.3114,1.3929,1.4131,1.2,1.0896,1.0681,0.9669,1.229,2.0119,1.2039,1.2168,1.5539,1.4804,1.2589,1.7838,1.2711,1.3747,1.6277,1.1953,2.494,1.6629,1.729,1.229,1.3463,1.3697285714285716,1.29944,1.31912,1.30642,1.21736,1.08918,1.11768,0.9692999999999999,1.24352,1.9398799999999998,1.1823000000000001,1.22438,1.48346,1.64738,1.3086600000000002,1.6866800000000002,1.33292,1.41052,1.42148,1.17222,4.10032,1.6454,1.83426,1.2600200000000001,1.4746953488372094,1.3328,1.1652,1.0398,1.1335,1.1183,1.0298,1.0521,0.8931,1.081,1.5592,1.0771,1.0286,1.3256,1.4676,1.1911,1.3347,1.152,1.1687,1.078,1.051,1.9893,1.4169,1.5669,1.0975,0.8931,1.4753,1.3854,1.5081,1.4213,1.3656,1.1263,1.2119,1.0468,1.3463,2.1517,1.2784,1.4186,1.5886,1.9199,1.4463,1.9929,1.6165,1.6614,1.6338,1.3051,6.7878,1.9742,2.321,1.5744,6.7878,14,5,5,5,5,5,5,5,5,5,5,5,5,5,5,5,5,5,5,5,5,5,5,5,129
nsmallest,-999,1,3,3,0.999,0.002,1254,1.3277,1.5768,1.6338,1.4848,1.2262,1.1847,1.1406,1.0065,1.3121,1.754,1.1835,1.1878,1.3515,1.4392,1.1978,1.6099,1.301,1.1753,1.4285,1.1445,1.8168,1.4376,1.5679,1.2926,1.3277,1.3379428571428573,1.57618,1.58294,1.58064,1.2322,1.18268,1.13734,1.00296,1.35826,1.70428,1.15584,1.19976,1.33724,1.47426,1.1768,1.48038,1.34024,1.2583199999999999,1.26798,1.13776,2.67422,1.4468999999999999,1.5862,1.27676,1.3921077519379845,1.2962,1.5527,1.2549,1.4687,1.1371,1.1397,1.044,0.9478,1.0775,1.3779,1.0683,1.0049,1.2482,1.3973,1.095,1.2761,1.1739,1.1318,1.0098,1.0289,1.7403,1.3422,1.3505,1.1454,0.9478,1.4296,1.6056,1.7075,1.7408,1.3584,1.211,1.2108,1.0519,1.5548,1.8801,1.2252,1.3661,1.382,1.5598,1.2095,1.6201,1.5638,1.4824,1.4328,1.2636,4.0107,1.6227,1.8131,1.4798,4.0107,14,5,5,5,5,5,5,5,5,5,5,5,5,5,5,5,5,5,5,5,5,5,5,5,129
nsmallest,-999,1,1,1,0.999,0.002,1254,1.3592499999999998,1.4785,1.1375,0.9572,0.9351,0.7888,0.9651,1.031,1.1489,1.3289,0.8937,1.1534,1.3583,1.3826,1.0572,2.5532,3.1893,2.5844,2.4508,1.7959,1.2715,1.8339,1.2698,1.1513,1.305,1.3590642857142858,1.34392,1.1849399999999999,0.9644400000000001,0.9280000000000002,0.84128,0.95684,1.0164199999999999,1.1369799999999999,1.351,0.8849199999999999,1.09696,1.44162,1.37872,1.0928,2.39178,3.4409799999999997,2.41944,2.29624,2.03856,1.2334600000000002,1.88004,1.35266,1.21076,1.4607806201550386,1.3514,1.1227,1.1238,0.9523,0.9003,0.7806,0.916,0.9805,1.115,1.2992,0.8462,1.0047,1.3467,1.3629,1.0513,1.6708,2.8529,2.1357,1.6419,1.7304,1.0656,1.8096,1.2339,1.0271,0.7806,1.3665,1.5001,1.2706,0.9987,0.9373,0.9536,0.9812,1.0463,1.1561,1.4899,0.8977,1.1618,1.5847,1.3887,1.2446,2.597,4.4513,2.6209,2.4843,2.5951,1.2815,1.9748,1.5134,1.4041,4.4513,14,5,5,5,5,5,5,5,5,5,5,5,5,5,5,5,5,5,5,5,5,5,5,5,129
nsmallest,-999,1,4,2,0.999,0.002,1254,1.3386,1.2378,1.1463,1.2586,1.2292,1.1158,1.0937,0.9997,1.0808,1.7003,1.185,1.1837,1.4741,1.4509,1.3634,1.6952,1.1538,1.3264,1.2664,0.9779,4.5876,1.5841,1.6086,1.219,1.2693,1.3288285714285715,1.22994,1.21332,1.34822,1.24082,1.1040199999999998,1.12402,1.0209800000000002,1.09594,1.7625199999999999,1.2122199999999999,1.19718,1.52136,1.50914,1.26472,1.5392,1.16338,1.27212,1.18938,1.00754,3.8403400000000003,1.6552,1.7317999999999998,1.261,1.4040728682170545,1.2593,0.9963,1.0594,1.0818,1.1439,1.0588,1.0842,0.9925,1.003,1.6443,1.0257,1.0633,1.3622,1.4236,1.0498,1.0505,1.114,1.099,1.0305,0.9468,2.1244,1.382,1.4601,1.1007,0.9468,1.36,1.3668,1.3936,1.5803,1.3428,1.1419,1.2476,1.0865,1.1966,2.013,1.5697,1.2979,1.6947,1.7028,1.43,1.812,1.2262,1.4744,1.2693,1.1352,5.1938,1.8855,2.215,1.5522,5.1938,14,5,5,5,5,5,5,5,5,5,5,5,5,5,5,5,5,5,5,5,5,5,5,5,129
nsmallest,-999,1,2,1,0.999,0.002,1254,1.332,1.2257,1.2577,1.1002,0.9254,0.9889,1.0026,1.1466,0.8781,1.2969,0.9152,1.1208,1.5235,1.2561,1.0479,2.5161,2.1735,2.4488,1.1806,1.5289,1.2027,1.8352,1.4217,1.2753,1.2682,1.3540785714285715,1.3645399999999999,1.23574,1.1796,0.9702999999999999,0.97194,1.03444,1.0471,1.01548,1.32482,0.94798,1.0883600000000002,1.6110399999999998,1.36198,1.14608,2.4589,1.98384,2.30668,1.43604,1.63158,1.2026,1.9007200000000002,1.2824,1.2445400000000002,1.3774465116279069,1.3103,1.1132,1.1124,0.9756,0.9197,0.9279,0.961,0.8868,0.8749,1.1976,0.9053,1.0014,1.419,1.2459,1.0418,1.763,1.1324,2.0393,1.1784,1.304,1.193,1.8078,0.9523,0.9872,0.8749,1.4072,1.6899,1.4214,1.4372,1.136,0.9939,1.1909,1.1547,1.2828,1.4329,1.0074,1.1291,1.805,1.5425,1.2981,2.7843,2.8963,2.493,2.0292,2.1711,1.2092,2.1236,1.6481,1.616,2.8963,14,5,5,5,5,5,5,5,5,5,5,5,5,5,5,5,5,5,5,5,5,5,5,5,129
nsmallest,-999,1,4,3,0.999,0.002,1254,1.3089,1.5731,1.4517,1.6113,1.2503,1.189,1.1208,1.0221,1.2547,1.6219,1.1544,1.134,1.3039,1.3972,1.2248,1.4934,1.2233,1.2019,1.1441,1.0285,3.1923,1.3976,1.4761,1.2481,1.2667,1.3044142857142857,1.47994,1.4413,1.6084399999999999,1.24956,1.18276,1.14694,1.0381,1.2422,1.6105,1.19964,1.1555,1.34696,1.38422,1.14586,1.4316600000000002,1.20946,1.17302,1.09978,1.02556,2.7042200000000003,1.47214,1.47152,1.25214,1.345882945736434,1.2521,1.234,1.2919,1.1986,1.1845,1.0873,1.0931,1.0015,1.2016,1.5332,1.0938,1.0895,1.1978,1.3092,0.9964,1.1099,1.1718,1.0696,0.9893,0.9799,1.8862,1.3046,1.2667,1.0837,0.9799,1.3303,1.6406,1.5648,1.8225,1.2989,1.2594,1.272,1.1099,1.2909,1.6988,1.4202,1.2232,1.4744,1.4566,1.2459,1.6587,1.2311,1.3101,1.1461,1.0692,3.3453,1.6593,1.7175,1.476,3.3453,14,5,5,5,5,5,5,5,5,5,5,5,5,5,5,5,5,5,5,5,5,5,5,5,129
nsmallest,-999,1,3,1,0.999,0.002,1254,1.27155,1.3594,1.1936,1.1881,1.0262,0.9364,1.1316,1.0973,1.0391,1.4746,0.9636,1.0215,1.7701,1.4457,1.1085,2.2166,1.6227,1.9268,2.1546,1.1589,1.1568,1.6801,1.3414,1.1991,1.2189,1.2634214285714285,1.31076,1.22576,1.0969200000000001,1.0072,0.9435600000000001,1.10584,1.08992,1.10898,1.47426,0.95448,1.08724,1.643,1.51904,1.1692,1.98014,1.53106,1.91446,1.8023,1.16434,1.13966,1.7678,1.25688,1.2043,1.3191736434108525,1.2172,1.0369,1.0901,0.9476,0.8798,0.891,0.9884,0.9875,0.9415,1.2779,0.9171,0.9874,1.3397,1.434,1.0986,1.3739,1.0444,1.1612,1.1707,0.8222,1.0545,1.6424,0.9972,1.065,0.8222,1.3211,1.4439,1.3529,1.1915,1.1432,0.9981,1.201,1.1468,1.2683,1.6599,1.0097,1.2053,1.8595,1.6464,1.2705,2.6707,2.1812,2.5907,2.1659,1.7654,1.1667,1.994,1.4068,1.2992,2.6707,14,5,5,5,5,5,5,5,5,5,5,5,5,5,5,5,5,5,5,5,5,5,5,5,129
nsmallest,-999,1,4,1,0.999,0.002,1254,1.20135,1.2886,1.1928,1.0113,1.0743,0.9674,1.1284,1.0946,0.9837,1.2462,0.9201,1.1859,1.6657,1.4092,1.2625,1.8349,1.2027,1.6423,1.6159,0.9187,1.2234,1.6363,1.1337,1.2041,1.1877,1.2001285714285714,1.21326,1.15128,1.05172,1.05028,0.97414,1.1411,1.14124,1.0051999999999999,1.3745800000000001,0.9708600000000001,1.10108,1.59462,1.37968,1.1839,1.7033,1.1962199999999998,1.57586,1.44024,0.9953200000000001,1.0832799999999998,1.67316,1.07784,1.1472799999999999,1.2242558139534885,1.1654,0.9109,1.0428,0.9841,0.894,0.9462,1.0795,1.0443,0.9555,1.1265,0.8701,0.9403,1.3093,1.0919,1.0002,1.1811,1.1061,1.194,1.0884,0.8738,0.8667,1.3994,0.8652,0.9607,0.8652,1.2546,1.386,1.2165,1.1398,1.1318,1.0025,1.2001,1.3606,1.1155,1.7641,1.1269,1.1907,1.7239,1.59,1.329,2.1233,1.293,2.1113,1.6219,1.3461,1.2305,2.0778,1.203,1.3193,2.1233,14,5,5,5,5,5,5,5,5,5,5,5,5,5,5,5,5,5,5,5,5,5,5,5,129
