,,,,,,,,,,,df1,df1,df1,df1,df1,df1,df1,df1,df1,df1,df1,df1,df1,df1,df1,df1,df1,df1,df1,df1,df1,df1,df1,df1,df1,df1,df1,df1,df1,df1,df1,df1,df1,df1,df1,df1,df1,df1,df1,df1,df1,df1,df1,df1,df1,df1,df1,df1,df1,df1,df1,df1,df1,df1,df1,df1,df1,df1,df1,df1,df1,df1,df1,df1,df1,df1,df1,df1,df1,df1,df1,df1,df1,df1,df1,df1,df1,df1,df1,df1,df1,df1,df1,df1,df1,df1,df1,df1,df1,df1,df1,df1,df1,df1,df1,df1,df1,df1,df1,df1,df1,df1,df1,df1,df1,df1,df1,df1,df1,df1,df1,df1,df1,df1,df1,df1,df1,df1,df1,df1,df1,df1,df1,df1,df1,df2,df2,df2,df2,df2,df2,df2,df2,df2,df2,df2,df2,df2,df2,df2,df2,df2,df2,df2,df2,df2,df2,df2,df2,df2
,,,,,,,,,,,"('median', '2000')","('median', '2001')","('median', '2002')","('median', '2003')","('median', '2004')","('median', '2005')","('median', '2006')","('median', '2007')","('median', '2008')","('median', '2009')","('median', '2010')","('median', '2011')","('median', '2012')","('median', '2013')","('median', '2014')","('median', '2015')","('median', '2016')","('median', '2017')","('median', '2018')","('median', '2019')","('median', '2020')","('median', '2021')","('median', '2022')","('median', '2023')","('median', 'All')","('mean', '2000')","('mean', '2001')","('mean', '2002')","('mean', '2003')","('mean', '2004')","('mean', '2005')","('mean', '2006')","('mean', '2007')","('mean', '2008')","('mean', '2009')","('mean', '2010')","('mean', '2011')","('mean', '2012')","('mean', '2013')","('mean', '2014')","('mean', '2015')","('mean', '2016')","('mean', '2017')","('mean', '2018')","('mean', '2019')","('mean', '2020')","('mean', '2021')","('mean', '2022')","('mean', '2023')","('mean', 'All')","('min', '2000')","('min', '2001')","('min', '2002')","('min', '2003')","('min', '2004')","('min', '2005')","('min', '2006')","('min', '2007')","('min', '2008')","('min', '2009')","('min', '2010')","('min', '2011')","('min', '2012')","('min', '2013')","('min', '2014')","('min', '2015')","('min', '2016')","('min', '2017')","('min', '2018')","('min', '2019')","('min', '2020')","('min', '2021')","('min', '2022')","('min', '2023')","('min', 'All')","('max', '2000')","('max', '2001')","('max', '2002')","('max', '2003')","('max', '2004')","('max', '2005')","('max', '2006')","('max', '2007')","('max', '2008')","('max', '2009')","('max', '2010')","('max', '2011')","('max', '2012')","('max', '2013')","('max', '2014')","('max', '2015')","('max', '2016')","('max', '2017')","('max', '2018')","('max', '2019')","('max', '2020')","('max', '2021')","('max', '2022')","('max', '2023')","('max', 'All')","('count', '2000')","('count', '2001')","('count', '2002')","('count', '2003')","('count', '2004')","('count', '2005')","('count', '2006')","('count', '2007')","('count', '2008')","('count', '2009')","('count', '2010')","('count', '2011')","('count', '2012')","('count', '2013')","('count', '2014')","('count', '2015')","('count', '2016')","('count', '2017')","('count', '2018')","('count', '2019')","('count', '2020')","('count', '2021')","('count', '2022')","('count', '2023')","('count', 'All')","('mean', '2000')","('mean', '2001')","('mean', '2002')","('mean', '2003')","('mean', '2004')","('mean', '2005')","('mean', '2006')","('mean', '2007')","('mean', '2008')","('mean', '2009')","('mean', '2010')","('mean', '2011')","('mean', '2012')","('mean', '2013')","('mean', '2014')","('mean', '2015')","('mean', '2016')","('mean', '2017')","('mean', '2018')","('mean', '2019')","('mean', '2020')","('mean', '2021')","('mean', '2022')","('mean', '2023')","('mean', 'All')"
start_watch_time,buy_time,sell_time,rank,pct_change_threshold,watch_days,hold_days,num_stocks_to_buy,loss_limit,fee,num_tickers,,,,,,,,,,,,,,,,,,,,,,,,,,,,,,,,,,,,,,,,,,,,,,,,,,,,,,,,,,,,,,,,,,,,,,,,,,,,,,,,,,,,,,,,,,,,,,,,,,,,,,,,,,,,,,,,,,,,,,,,,,,,,,,,,,,,,,,,,,,,,,,,,,,,,,
Close,Open,Close,nsmallest,-9999,2,1,1,0.999,0.002,1254,7278906.716,1.236824868403606e+16,1.1131212004607702e+17,1.3159877829032922e+24,364767245242146.0,53979448.4482,25564396.4677,720.9445,29460.95,3271.127,15871.124,73310604.4428,17680.0684,183.115,208.0232,2962.9658,15973.6792,177.7685,820.8603,204.1051,139.1527,19.983,243.4819,149249.1205,15871.124,10621564.5396,2.3730840379599136e+16,3.4928659336833167e+18,1.0339719854216892e+32,6.818259417875196e+17,37615634209.1333,17162022129.217398,6551.340920000001,19028.667380000003,6260.576660000001,147770.95826,90634050.27612,26010.297880000002,1096.8693600000001,589.35722,2889.58786,11828.19462,160.23048,1939.20344,222.1153,152.6901,58.02114,191.86014,2.2682792216529621e+21,4.0076433544357125e+30,2465787.1007,8105742663773803.0,532656619083.6838,1.897052896025e+22,1117263311092.9302,1093222.7401,4466688.9471,534.3783,47.7091,3199.2018,8582.9866,16758930.6146,7107.2556,167.3721,191.4185,1292.4917,816.0469,93.9304,21.8018,168.7994,128.8763,18.3844,47.0449,134.4636,18.3844,17740946.3962,5.879614090837787e+16,1.7159446221768514e+19,4.0491959851803e+32,2.187981158453519e+18,104089895935.383,85748243983.7219,30170.0563,35132.5039,13269.2801,371088.5003,185409019.7111,59557.0702,4340.4006,1680.8082,4478.9706,17307.7178,222.7073,4430.3036,330.4892,208.323,119.9217,311.2285,1.1341396108260044e+22,4.0491959851803e+32,14,5,5,5,5,5,5,5,5,5,5,5,5,5,5,5,5,5,5,5,5,5,5,5,129,0.42,0.508,0.44799999999999995,0.586,0.508,0.502,0.378,0.394,0.44799999999999995,0.36,0.42000000000000004,0.52,0.396,0.446,0.386,0.47400000000000003,0.472,0.32999999999999996,0.33999999999999997,0.384,0.36,0.34,0.3,0.312,0.4181395348837209
Close,Open,Open,nsmallest,-9999,2,1,1,0.999,0.002,1254,295086.93755000003,43111955666843.61,13464021087196.309,2772238879974.802,5879681446841.545,780517.9053,1623965.8086,688.9585,14085.2447,10341.5297,10099.7068,8875515.1383,1995.5766,59.8219,69.185,230.0419,916.8872,82.058,410.4714,144.9004,127.0804,19.7943,171.0095,586074.5688,10099.7068,334719.90405,369378991146795.5,2.6727882983375132e+16,1.0096454810242007e+18,1694578971151656.5,85847346.88808,65381512.18312,3575.13286,9065.161,6916.4034599999995,9133.92628,20828736.16684,6575.950419999999,6215.7383199999995,97.75956000000001,418.16531999999995,667.3085,96.1039,726.37462,209.32294000000002,122.38582,46.5315,218.49762,7.545963927383488e+21,2.9251947150021824e+20,85031.0532,3463159984596.832,2637207279.9685,6426475104.6682,3633374651.9472,195698.4321,37676.5819,315.2094,74.5012,1199.8583,610.5531,132101.9197,1336.4019,55.6965,57.4744,70.4821,231.4672,24.3918,13.1769,133.9048,67.6172,19.3132,79.4107,781.7284,13.1769,541078.001,1717251738156694.0,1.3360530274957555e+17,4.289807608427622e+18,5272174298899297.0,231334249.1289,323552767.1871,15807.9534,16590.9212,10863.2686,13638.2521,50981175.0202,25988.7142,21512.9688,224.1237,1006.7347,970.2095,178.5585,1569.3846,468.9124,155.1821,116.2687,580.0873,3.7729819636913465e+22,3.7729819636913465e+22,14,5,5,5,5,5,5,5,5,5,5,5,5,5,5,5,5,5,5,5,5,5,5,5,129,0.38357142857142856,0.47800000000000004,0.41,0.41600000000000004,0.44000000000000006,0.496,0.354,0.384,0.44000000000000006,0.346,0.36,0.48,0.33799999999999997,0.442,0.34199999999999997,0.372,0.358,0.31,0.33799999999999997,0.382,0.358,0.324,0.302,0.298,0.3814728682170543
Open,Open,Close,nsmallest,-9999,2,1,1,0.999,0.002,1254,1133801.9089000002,7776138581468794.0,49377097584117.59,591412954699562.5,74244098447662.02,12119050.8105,7185752.5603,602.8027,33839.748,6532.3545,5185.1271,663607.7693,3690.1061,59.3524,105.1906,341.3181,1561.6622,115.2009,519.6816,58.8643,78.8943,64.3257,121.6381,226421.8588,5185.1271,1097101.3590142857,6676540598044674.0,2.057397791524957e+18,1.9479830983559372e+21,4.959859001174323e+16,4783591322.60234,10208365714.6098,4731.598940000001,21855.13382,5996.80404,40915.296220000004,953556.8454199999,38891.96486,352.1554,301.00818,485.58584,1702.97708,195.74154,1277.6336,100.94088,105.42526000000001,71.24532,90.7311,5.84928697480368e+20,9.825680111524946e+19,255070.7148,1107388618467672.6,58968745414.4546,13583943534031.893,114768434676.5533,163571.1607,3579112.4446,404.0708,42.9851,333.181,663.4024,84849.1798,1721.6694,55.2111,95.8767,308.7883,1341.1195,79.9506,14.8057,54.7645,73.1346,56.2317,31.1863,54.9447,14.8057,1584804.0112,9910641278348602.0,1.0286862359872315e+19,6.244386988056442e+21,1.5706454117361952e+17,13132724466.2799,51019143847.2246,21585.1647,40447.8345,8881.0679,101705.1372,3180497.7606,97384.2725,1029.0973,632.3286,1096.3441,2490.3119,360.8237,2815.4146,171.3781,184.0853,107.1941,141.2922,2.924643487390655e+21,6.244386988056442e+21,14,5,5,5,5,5,5,5,5,5,5,5,5,5,5,5,5,5,5,5,5,5,5,5,129,0.39714285714285713,0.51,0.45,0.514,0.508,0.47000000000000003,0.39,0.388,0.43600000000000005,0.33999999999999997,0.366,0.44400000000000006,0.364,0.346,0.41200000000000003,0.426,0.446,0.368,0.318,0.308,0.326,0.298,0.264,0.23199999999999998,0.3889922480620155
Close,Open,Close,nsmallest,-9999,2,1,2,0.999,0.002,1254,413860.83115,26347825689910.05,59482277546252.05,7.259821483435849e+18,176713661858.1772,1910973.5114,1578673.126,250.8126,3870.8622,737.17,1244.7333,510397.7804,3492.7187,144.3197,127.4516,713.4076,7926.8845,112.8004,194.1623,191.3728,263.4833,15.8127,341.2462,397905.4174,3378.1186,532098.2009071428,30929958791294.53,738054822668413.0,2.292308088318897e+25,77785710397833.97,249815489.12964,50578320.639639996,601.12314,2481.7594,760.16242,9378.86918,588844.9990000001,9173.791560000001,297.5149,286.14374000000004,771.54548,5409.06772,142.74241999999998,311.22655999999995,150.12134,236.31342,27.638260000000002,237.51316000000003,1.620661509993266e+18,8.884915699495058e+23,190648.883,6185924174796.648,50785907820.0879,2.969936291115071e+17,6441115085.1738,79812.8183,138700.5582,165.2441,49.3262,712.0785,763.7991,338629.6513,2406.1942,137.7424,123.6557,637.6195,507.9627,85.4688,14.2969,82.3823,113.9661,15.336,68.3472,776.0202,14.2969,810241.55,59297978651170.98,3537572192068610.0,8.155425514350168e+25,234049078644051.7,660030391.1089,249324461.646,2156.0028,4464.3628,869.2247,22845.6962,1052987.0121,21228.8624,759.5283,891.9056,1024.0793,8691.8887,235.4755,628.2321,196.232,274.2995,49.1325,357.8653,8.103307529900633e+18,8.155425514350168e+25,14,5,5,5,5,5,5,5,5,5,5,5,5,5,5,5,5,5,5,5,5,5,5,5,129,0.6235714285714286,0.6859999999999999,0.662,0.716,0.7140000000000001,0.722,0.568,0.572,0.638,0.534,0.62,0.72,0.636,0.656,0.62,0.712,0.712,0.568,0.522,0.584,0.5980000000000001,0.49800000000000005,0.522,0.538,0.6226356589147286
Open,Open,Open,nsmallest,-9999,2,1,1,0.999,0.002,1254,83001.03385,24544367649934.65,131489197838.4568,500360152162.2332,542774213635.1644,445563.0015,291649.9724,558.2509,8109.3816,26379.5596,16991.3635,23388.64,1681.8476,25.9082,151.6595,96.229,263.0752,47.9874,298.6289,45.4705,56.0648,59.5885,147.6843,240770.6765,2879.0471,130385.52262857142,20380593089852.336,1.315792129033822e+16,1135612982426050.2,1704658593664461.2,13586805.20548,43994454.2588,2231.92994,5203.57898,19280.21972,14097.57732,501158.54886,2211.7785599999997,190.18806,144.28204,252.8113,288.85284,71.14102,565.26954,99.41033999999999,97.4828,63.484519999999996,177.08445999999998,5.800931765029143e+21,2.2484293734894033e+20,27069.9158,3542014605005.414,249967157.5231,958829732.963,588380409.2884,122084.0855,48206.1542,258.5483,58.6169,33.9975,289.9242,15550.5039,1217.0732,24.432,115.0713,55.5459,251.2979,20.5549,11.45,42.484,52.2644,35.3208,73.7915,55.2917,11.45,253026.8355,37802606428521.81,6.578928544547302e+16,3374344242145460.0,5307069048012343.0,36110750.3279,219278506.7511,9479.2565,9464.255,35316.9446,19959.8652,2424446.9904,5065.3075,587.1594,156.4977,541.4461,339.4339,136.0977,1144.7747,247.8066,185.1545,103.5271,432.2906,2.9004658825134183e+22,2.9004658825134183e+22,14,5,5,5,5,5,5,5,5,5,5,5,5,5,5,5,5,5,5,5,5,5,5,5,129,0.37071428571428566,0.46799999999999997,0.404,0.446,0.462,0.476,0.384,0.376,0.40800000000000003,0.346,0.348,0.404,0.32199999999999995,0.32199999999999995,0.4,0.36,0.38,0.318,0.31,0.308,0.324,0.314,0.27,0.23199999999999998,0.36511627906976746
Close,Open,Close,nsmallest,-9999,2,2,1,0.999,0.002,1254,223403.03585,181929440746.0655,45312919101.4371,1.3695992953675307e+20,158405804827.118,15764.2338,27996521.3993,623.2962,192.2759,1042.7032,2910.1779,2455451.8175,1580.7928,78.1502,127.0396,548.6683,322.6391,66.0776,54.6647,26.3186,117.5743,53.7663,78.2252,12578302116.5997,1580.7928,203594.4091142857,1125975085223082.2,47947268638284.92,2.3455277849815987e+20,9430497955754.072,15206649393.432621,42334472.81834,22136.4916,509.7079,1741.66342,3388.1967400000003,29048424.132740002,2354.672,93.25041999999999,195.42592,598.1979600000001,714.3467400000001,157.75178,56.08452,154.59116,95.46794,42.77408,1722439.61014,8.689110137643477e+19,1.2459110978400262e+19,49458.6101,468189710.3736,1865169799.471,5.538534625043427e+16,5984165856.858,3505.9662,5158.647,6.4239,12.7351,169.6034,453.7255,55477.8841,852.6298,25.072,63.7915,18.7108,105.5968,7.1504,7.4754,22.9011,44.0651,9.4588,9.1272,4.8745,4.8745,341649.4711,5628294717602447.0,239579568997783.6,6.350458812716892e+20,46515767897334.13,76032460329.6914,149588281.3693,109354.7248,1138.4195,5318.1657,5878.5837,72083697.7029,5572.3361,179.3412,354.2036,1704.0073,1708.8305,577.2118,135.0223,582.8406,136.3996,61.9755,4510652.4593,4.344555068547079e+20,6.350458812716892e+20,14,5,5,5,5,5,5,5,5,5,5,5,5,5,5,5,5,5,5,5,5,5,5,5,129,0.39142857142857146,0.476,0.422,0.568,0.48200000000000004,0.418,0.33399999999999996,0.36,0.42800000000000005,0.31,0.368,0.532,0.4,0.41,0.42400000000000004,0.42800000000000005,0.418,0.332,0.266,0.348,0.31799999999999995,0.27999999999999997,0.27599999999999997,0.256,0.3856589147286822
Open,Open,Close,nsmallest,-9999,2,1,2,0.999,0.002,1254,93585.197,8248157986130.251,355623632060.8894,495604399609.7593,34510181422.0094,1004127.5061,195217.4034,137.0372,1980.1217,608.3992,1203.4529,33348.4172,1576.7541,35.4507,36.8103,190.6962,631.9201,79.8655,142.0897,109.0799,103.863,53.1023,74.5792,310333.9187,1091.7306,83227.1603142857,19775463152963.78,284821501165037.25,1.4196659188328187e+17,9028262804026.574,23535621.72654,49206867.98898,394.83824,1266.8570599999998,510.02438,11230.33398,37063.72492,11063.57664,127.46294,101.02892,174.23686,656.72738,90.23704000000001,237.42727999999997,103.37592,107.57782,49.49982,115.52598,1.1639177968924762e+18,5.062783000294259e+16,34462.5831,2335427774792.663,2386017549.7712,34102117868.0726,706320769.5532,13142.1624,175665.1362,127.6853,33.0519,78.4134,166.9762,8122.6281,797.7783,33.2585,35.7509,84.7495,376.2188,52.3977,11.0742,66.2837,57.8564,40.4973,61.1328,79.5431,11.0742,100142.6534,46205170059878.34,1423228426777192.2,4.393746270273571e+17,26835191501298.76,61160248.4634,245265238.2535,1436.1885,2258.2822,739.9507,28054.2594,67470.4461,26161.0506,408.8034,265.8858,303.7014,1039.3679,121.5358,456.1199,121.6943,162.3098,54.8845,186.6466,5.819588953209778e+18,5.819588953209778e+18,14,5,5,5,5,5,5,5,5,5,5,5,5,5,5,5,5,5,5,5,5,5,5,5,129,0.5878571428571429,0.664,0.654,0.666,0.67,0.656,0.6,0.522,0.618,0.49000000000000005,0.618,0.674,0.588,0.572,0.55,0.626,0.652,0.584,0.54,0.576,0.53,0.506,0.45,0.406,0.5836434108527132
Close,Open,Open,nsmallest,-9999,2,1,2,0.999,0.002,1254,30461.44635,347693438937.019,55113969827.4105,11500096577.3762,7711137721.0131,67636.9786,193127.6984,209.9185,2465.0206,719.0215,1037.5192,105383.0538,1337.627,61.4598,46.9664,56.6709,503.5847,51.6445,102.5412,286.8593,204.6283,25.6889,83.0577,531874.4551,1037.5192,32527.86557857143,392498151281.35443,14167395542808.996,436485438349606.75,467261186150.5599,1602636.00172,783061.22828,429.93388000000004,1583.36474,544.7704799999999,2488.92462,135554.12746000002,1472.02658,566.03646,57.36648,139.27736,402.99258,50.8236,139.94308,211.03274000000002,174.36402,29.21556,167.77186,7.106186627600421e+18,2.7545109070528186e+17,13422.2311,11935031470.5071,233191535.8649,56476331.3584,79365702.64,20915.6743,3553.4707,119.2785,36.6661,165.9174,108.7107,17850.4198,403.6122,57.9636,45.1643,33.6025,195.314,42.313,11.6485,78.0191,94.9915,24.9096,43.7001,976.9082,11.6485,47020.4829,1113101166204.691,70703107637033.0,1694680872272990.0,1362228343070.2422,4086834.9344,3515101.5888,1481.7345,2821.6086,777.8148,5375.4315,344816.1585,3766.7963,1597.7497,97.8792,311.8301,530.2313,55.862,251.2501,312.1169,212.4353,39.144,583.6664,3.553093304845671e+19,3.553093304845671e+19,14,5,5,5,5,5,5,5,5,5,5,5,5,5,5,5,5,5,5,5,5,5,5,5,129,0.5892857142857143,0.648,0.616,0.62,0.6519999999999999,0.704,0.572,0.558,0.638,0.51,0.5720000000000001,0.698,0.5519999999999999,0.648,0.5780000000000001,0.5720000000000001,0.6180000000000001,0.53,0.52,0.578,0.5940000000000001,0.49799999999999994,0.512,0.522,0.5875968992248062
Close,Open,Open,nsmallest,-9999,2,2,1,0.999,0.002,1254,31204.459799999997,19240594205.0766,30379820.6985,2910494222558.0093,9313046891.4903,12375.6425,7099983.809,560.7743,160.4197,1898.1118,501.411,98530.2613,1923.4369,61.4364,56.0006,74.7231,143.2666,87.7606,66.061,21.6601,83.9546,48.5171,147.439,16548465005.9325,831.3998,48789.5499,66051381748257.92,4184922717897.607,146608769326395.66,3895124198685.28,700805933.11052,10873911.810899999,41575.10848,328.46241999999995,1627.20132,1983.06882,1394694.33038,2437.52578,147.90722,106.49584,111.07388,152.1633,66.94108,62.65704000000001,200.13272,96.53512,38.48566,1308703.41506,1.9776630843260056e+20,7.665369347810586e+18,10833.9103,336982454.0511,22754470.8212,46294367012.7717,9736700.6729,49.0001,3706.6641,3.3231,7.9347,286.2339,452.5694,1745.8687,1762.9745,37.7786,32.6203,14.8733,94.2445,7.5678,9.9356,20.4158,37.5388,9.7693,31.4927,25.682,3.3231,100908.8693,330087646707712.0,20914740675026.69,623405205304478.0,19452815272359.11,3503319352.0624,25898828.9138,206686.9511,734.4508,2147.0616,7558.4395,3524651.5221,3861.2157,375.3469,206.071,258.1095,217.4068,123.1226,144.6661,831.3998,149.0915,59.6948,3433493.4896,9.88831542127633e+20,9.88831542127633e+20,14,5,5,5,5,5,5,5,5,5,5,5,5,5,5,5,5,5,5,5,5,5,5,5,129,0.3742857142857143,0.46399999999999997,0.39,0.466,0.41200000000000003,0.42400000000000004,0.328,0.346,0.388,0.328,0.356,0.47000000000000003,0.372,0.398,0.382,0.364,0.37,0.31,0.264,0.348,0.31599999999999995,0.286,0.27999999999999997,0.274,0.36372093023255814
Open,Open,Open,nsmallest,-9999,2,1,2,0.999,0.002,1254,11005.553899999999,107276931381.8674,2261100603.8969,1648841133.8798,1027649256.2062,29621.1137,25884.5559,118.4803,962.971,1224.0054,1589.3056,3870.1797,633.658,27.1005,37.652,40.883,166.8718,32.2927,161.6493,79.649,94.6106,69.7118,114.2697,221788.9626,819.3949,13297.809921428572,164540975952.25342,6013451619531.211,1120513832220.2593,340561719218.93933,174120.66160000002,622757.76726,286.98714,615.92492,859.78192,4865.40108,7683.961899999999,633.45106,79.94314,41.563900000000004,94.24986,204.2568,38.26742,132.31734,86.11908,109.16446,55.683220000000006,87.68422000000001,1.5290474874112354e+19,5.926543609760214e+17,5303.9345,14721470960.5624,15435577.5091,14722976.7052,13879365.9347,9087.319,4596.3415,109.6016,19.0628,18.4928,84.3252,2652.3478,524.0139,25.5375,36.3943,36.8303,159.9988,26.5286,7.9849,77.083,46.6492,23.9891,43.4263,111.3849,7.9849,21074.6315,380147152223.3942,30061893711770.965,3248399842724.4785,993874431896.3073,414662.8411,3052060.5057,968.4578,1085.0931,1505.6475,11045.5173,23300.173,819.3949,212.5689,57.834,181.927,321.7287,52.6798,204.9941,110.1061,209.8615,73.1798,121.8606,7.645237434566436e+19,7.645237434566436e+19,14,5,5,5,5,5,5,5,5,5,5,5,5,5,5,5,5,5,5,5,5,5,5,5,129,0.5650000000000001,0.628,0.61,0.628,0.6020000000000001,0.648,0.572,0.512,0.594,0.48200000000000004,0.5740000000000001,0.642,0.53,0.5700000000000001,0.554,0.568,0.6140000000000001,0.536,0.532,0.542,0.526,0.542,0.44800000000000006,0.41600000000000004,0.56015503875969
Close,Open,Close,nsmallest,-9999,3,1,1,0.999,0.002,1254,108963.98934999999,531363178152.798,54891338038.7366,1.7227050742130898e+20,132067518811.8754,37034912.6803,8169.6074,13.2675,45.9885,199.6428,19008.8918,64920.3674,372.741,48.7237,51.6718,217.0098,82.0012,38.8371,31.9333,30.0357,23.1193,23.0188,7.6196,811.8219,654.9809,137765.32145,833433712656860.4,23787864648143.723,1.871529975166445e+20,5311582667005.15,2667870838.8804398,107806766.79122,25253.28284,307.04696,516.38008,21125.00734,184049.00604,1596.69016,49.1836,66.11888,306.25148,215.90971999999996,42.19264,88.15693999999999,226.58794000000003,45.44388,24.54234,26.77412,5147208261.7572,7.254025583632868e+18,35183.8368,637045057.7505,2351804412.6466,9223896350274594.0,10071640440.8415,1804.1736,1786.2496,6.9503,17.732,182.0364,1149.3586,19275.7389,113.5853,28.881,21.8136,26.738,20.8559,3.0379,14.6681,18.7331,13.0878,6.6846,4.2382,11.5416,3.0379,244179.4786,2488899714656070.5,118688921461343.95,3.682340762551424e+20,20079348053983.56,10168124317.0164,498604370.4942,125779.4658,1215.4494,1181.7016,45289.6686,542106.7909,6492.3091,86.1129,145.7022,836.2565,824.6161,96.2462,184.3552,533.249,148.6449,35.486,74.4895,14739855914.5989,3.682340762551424e+20,14,5,5,5,5,5,5,5,5,5,5,5,5,5,5,5,5,5,5,5,5,5,5,5,129,0.38642857142857145,0.442,0.41,0.554,0.492,0.462,0.38,0.40199999999999997,0.41200000000000003,0.282,0.414,0.454,0.34199999999999997,0.352,0.388,0.42000000000000004,0.366,0.33199999999999996,0.306,0.36,0.316,0.30999999999999994,0.236,0.292,0.38007751937984496
Open,Open,Close,nsmallest,-9999,2,2,1,0.999,0.002,1254,35367.329,104067652330.9038,2967010383.8333,16011846969880.846,255756344463.998,2879.3778,28132939.2398,460.2505,150.6834,341.0459,3703.1284,152676.3671,201.1038,44.5643,145.1074,89.5554,280.5775,72.8664,86.6646,22.4465,76.0798,32.0152,40.6461,3339727608.6557,484.6035,49609.050899999995,2559773092001915.5,3438643563454.624,14242599736370.365,3001041612508.965,12162107629.42846,33826797.33116,20053.55344,236.83982,659.89206,2670.27146,1101130.18854,362.98519999999996,59.684659999999994,157.27104,159.91858,482.67078000000004,184.10377999999997,78.11524,146.53091999999998,72.42062,98.27832,115.68456,5.803835771495794e+18,2.2505489298720573e+17,7153.6493,23478837.6252,140251908.3533,3184994947.5741,8497729.7324,861.1546,579.6964,3.1645,13.6552,195.916,32.041,318.9208,157.2675,9.5531,37.294,30.5929,90.6559,2.145,3.7114,19.9936,29.0156,9.6852,2.6779,1.6005,1.6005,103653.3302,1.2798624319576448e+16,17184296741729.162,34109788857477.64,14197150646279.13,60810475218.1243,106754298.6059,99290.484,490.1593,2054.9931,5179.3485,2752020.9505,802.8717,180.5128,245.2421,484.6035,1105.8101,680.7977,135.0696,637.2887,107.595,221.7723,461.1911,2.90191788457533e+19,2.90191788457533e+19,14,5,5,5,5,5,5,5,5,5,5,5,5,5,5,5,5,5,5,5,5,5,5,5,129,0.36357142857142855,0.454,0.41600000000000004,0.484,0.476,0.392,0.348,0.32999999999999996,0.398,0.302,0.314,0.438,0.33199999999999996,0.298,0.406,0.398,0.39,0.33999999999999997,0.27199999999999996,0.27799999999999997,0.316,0.266,0.248,0.20400000000000001,0.35341085271317835
Open,Open,Open,nsmallest,-9999,2,2,1,0.999,0.002,1254,9552.55885,12457977343.9634,37179518.8068,13064190277.242,21893545.7531,744.0905,4633318.8923,400.4135,230.1195,1221.1821,1358.6642,15780.98,109.2157,47.3485,84.5052,38.2403,92.6633,95.6308,108.3437,17.5546,85.8818,39.3427,18.2895,13829834223.0432,400.4135,20755.919592857146,124468457740305.2,75300457331.81017,89906606041.58885,2044952106528.1296,582943544.86462,12164050.520440001,31179.58258,303.27614,1039.77994,3890.29864,10299.70672,2845.74056,55.28076,73.92666,61.909760000000006,129.47024,64.3912,83.42408,168.75074,107.81569999999999,67.7129,48.00626,5.760545443219635e+20,2.2327700426402157e+19,4156.0467,18886141.8559,1641030.3911,559195969.5526,14616026.1688,42.3256,578.5181,3.1995,11.0316,399.0535,160.9748,85.6592,81.7969,11.3907,32.3905,27.2376,30.3085,4.1681,5.1335,17.3072,38.9118,13.8837,11.3725,7.4083,3.1995,46369.7996,622313886292088.0,376095842306.4304,250387598648.5493,10198270806897.637,2914664113.3542,30815540.0858,155053.29,634.9098,1382.7061,14867.2974,18555.8885,13767.8274,122.7552,102.5289,114.3502,345.8703,115.1002,113.7339,758.6096,272.2075,135.9838,136.1368,2.880272721564206e+21,2.880272721564206e+21,14,5,5,5,5,5,5,5,5,5,5,5,5,5,5,5,5,5,5,5,5,5,5,5,129,0.3535714285714286,0.45,0.378,0.4640000000000001,0.438,0.4,0.332,0.322,0.394,0.312,0.354,0.366,0.32599999999999996,0.304,0.37,0.368,0.35,0.32199999999999995,0.27199999999999996,0.27799999999999997,0.312,0.27799999999999997,0.238,0.236,0.34317829457364346
Close,Open,Close,nsmallest,-9999,2,2,2,0.999,0.002,1254,23293.3031,639299010.367,237239141.0898,8768585167540150.0,423374309.4824,1310.7779,531483.9796,173.0343,75.6276,112.9409,632.2678,64560.5751,966.0874,54.6078,66.4867,128.9652,204.5939,33.3156,39.2209,28.7263,49.0577,24.0836,63.9248,1041452900.3869,319.9277,21578.044064285717,5683188756368.083,548948577132.82635,1.121251161685346e+16,13713567777.607182,78001448.39704,638370.85162,1438.3155000000002,136.6338,228.01007999999996,613.87328,73849.1341,897.16688,63.96898,62.30278,137.82940000000002,297.77889999999996,67.87276,29.24042,53.568639999999995,77.32669999999999,22.86396,1105423.6042,1.2851282412686167e+18,5.02460077060564e+16,7104.6618,7233262.5262,23848470.5353,15382698036355.52,102389389.0192,762.8045,1256.0565,4.5266,12.9218,44.5811,98.4807,1983.1736,227.0575,21.0712,49.661,21.2725,195.8389,10.1395,7.3231,25.2473,41.7306,10.0425,30.2184,41.9964,4.5266,34648.4638,28412325406401.883,2740117537957.684,3.354738777144846e+16,66977158555.3102,389959311.0019,2037454.9988,6800.7272,271.4361,755.103,1066.0492,151322.3189,1810.5971,128.7884,73.2456,274.8175,594.1451,159.01,42.8712,143.5359,164.1975,35.1207,2941124.3399,6.425641201457489e+18,6.425641201457489e+18,14,5,5,5,5,5,5,5,5,5,5,5,5,5,5,5,5,5,5,5,5,5,5,5,129,0.5885714285714286,0.648,0.61,0.7060000000000001,0.7020000000000001,0.626,0.552,0.5720000000000001,0.5980000000000001,0.496,0.5780000000000001,0.672,0.64,0.628,0.622,0.6439999999999999,0.67,0.534,0.45,0.546,0.538,0.48,0.48599999999999993,0.458,0.5854263565891472
Close,Open,Open,nsmallest,-9999,3,1,1,0.999,0.002,1254,9137.416000000001,25955739377.2776,654877978.314,211996684.0645,1857024801.0885,7740418.7528,9109.7423,10.3901,26.2713,180.0868,7384.5225,40428.1814,232.9478,59.0805,11.3063,44.5594,31.4881,33.9818,20.1269,47.0923,20.615,13.3816,24.0015,6874.8247,246.3068,10747.446164285715,39567022543900.06,612596768663.6204,607185745392.8108,250503753239.24005,8586185.471760001,278608.37586000003,10977.28064,140.34890000000001,526.9535800000001,5376.66918,61340.04732,335.41486,63.944280000000006,24.49528,128.35454,57.821400000000004,23.697119999999998,61.55676000000001,117.89372,67.43442,17.14256,35.22622,8316931862.832941,1590916074311.61,1889.3829,2565335.9744,1371018.3562,71652444.2447,288324719.8113,56.3923,1103.8346,4.4617,9.0362,164.4843,47.2597,246.3068,179.2276,46.0886,4.929,12.4015,14.3122,3.3722,12.4143,17.0596,9.7523,7.6126,8.9692,3.7496,3.3722,17348.065,116561325824434.44,3060949037285.2583,3030749747026.9224,960721625442.965,26031370.5883,1350122.3566,54398.445,557.0367,1388.3963,10289.2477,135352.1115,828.013,98.932,76.5824,509.4153,118.9214,35.849,131.6569,254.9332,273.2419,29.2326,69.0835,34693130682.0737,116561325824434.44,14,5,5,5,5,5,5,5,5,5,5,5,5,5,5,5,5,5,5,5,5,5,5,5,129,0.3528571428571428,0.41200000000000003,0.366,0.386,0.45199999999999996,0.462,0.364,0.364,0.376,0.296,0.368,0.418,0.296,0.354,0.324,0.35,0.302,0.308,0.3,0.352,0.312,0.31,0.25,0.284,0.3486046511627907
Open,Open,Close,nsmallest,-9999,3,1,1,0.999,0.002,1254,23062.64545,691716468111.0618,1761539475.7474,88374867429.1909,162644954922.7981,5242464.002,7510.6106,8.3378,32.5891,245.1773,1157.6811,6565.7829,84.7216,68.3055,9.7767,66.1578,38.0801,53.2089,52.9301,89.2832,12.5369,13.0365,15.793,665.3486,245.1773,23972.51962142857,1004503118758132.0,12958528136.97094,53729001553473.86,2430544364175.4155,132303513.67466001,19608274.45962,20117.7818,86.0645,371.83122000000003,3434.5565800000004,22299.18764,838.9889,72.50298000000001,30.750400000000003,74.23706,57.977959999999996,51.68588,62.30778,165.69068,19.12306,14.47172,45.86138,6187714375.855821,41111703990114.27,6669.1746,559641889.2116,266633453.6601,3695472605.9837,53627860.7716,105.94,2261.9082,5.3632,12.6198,94.7919,415.8737,3554.2071,30.4067,31.6977,9.1113,28.4143,29.7922,5.0726,14.2523,10.8132,9.413,6.4101,10.9776,4.4922,4.4922,36962.2798,3002298971706723.5,38344064833.2265,267935846027464.4,7155803102833.43,505571315.7171,54423319.4725,99996.8538,233.9525,1011.5732,11401.4037,50373.3282,3707.2279,147.5625,87.0301,135.6492,119.4562,92.2294,113.7538,350.7945,46.4113,21.7719,146.9859,16162335853.8636,3002298971706723.5,14,5,5,5,5,5,5,5,5,5,5,5,5,5,5,5,5,5,5,5,5,5,5,5,129,0.36642857142857144,0.45,0.362,0.418,0.492,0.44800000000000006,0.422,0.352,0.384,0.288,0.356,0.40800000000000003,0.288,0.33599999999999997,0.316,0.404,0.32,0.34199999999999997,0.316,0.38,0.288,0.292,0.27599999999999997,0.242,0.3568217054263566
Close,Open,Close,nsmallest,-9999,3,2,1,0.999,0.002,1254,4787.1345,516976573.325,2905177.0963,2381853598239841.0,1140724387.1105,15160.8842,64400.6015,45.1129,12.3976,109.7012,1473.935,10806.0441,225.2391,18.8228,16.5035,162.1387,81.8417,13.7052,17.1241,40.5364,18.4236,5.1658,18.366,233.6713,217.4357,15591.756821428571,25774422975964.617,14805119803813.225,1.8278447076530532e+16,220436881365823.8,2977985.40276,115989.37197999998,2673.0816800000002,52.13081999999999,134.06904,2097.91416,358470.64656,206.71158,23.50994,31.307560000000002,134.67958,116.33653999999999,32.9113,16.25238,53.28604,29.460919999999998,7.659879999999999,306590.21906,1.1918880184583782e+19,4.626906840344289e+17,3114.2684,78857.8571,133432.7846,1614143530303.781,22925.6738,805.562,3398.0186,4.534,9.2788,77.7653,62.2744,1245.8318,14.0945,2.689,6.7886,6.0085,13.0216,8.7698,5.3074,26.4475,9.5633,4.5062,4.6453,17.2432,2.689,49404.2082,128849515858718.44,73951962942227.83,4.881755499211078e+16,1102181948240798.8,14321499.5118,397361.5706,13205.3745,146.9392,225.8354,4569.9636,1763678.4853,531.6348,42.2139,70.4805,279.6296,227.3532,106.2729,28.2972,110.2869,71.3146,15.0309,1532880.1293,5.959440092291871e+19,5.959440092291871e+19,14,5,5,5,5,5,5,5,5,5,5,5,5,5,5,5,5,5,5,5,5,5,5,5,129,0.3628571428571429,0.442,0.378,0.5519999999999999,0.49000000000000005,0.404,0.358,0.354,0.348,0.32199999999999995,0.40599999999999997,0.442,0.316,0.296,0.328,0.414,0.38,0.35,0.24,0.364,0.28400000000000003,0.21600000000000003,0.22999999999999998,0.252,0.3558914728682171
Close,Open,Close,nsmallest,-9999,3,1,2,0.999,0.002,1254,12941.203699999998,3520196018.4462,2361705635.4119,6491309178028958.0,388937656.5038,1123082.4962,1567.1564,12.1017,49.294,40.7462,942.8578,6824.5672,227.0565,30.0227,28.4386,64.4462,68.1219,22.2215,19.7984,79.1832,30.1507,17.4437,32.0622,1619.9761,208.2574,15384.769214285714,7637392795918.526,133418979521.62357,8129339080108805.0,15484122066.24758,19583880.51902,1204375.62358,1209.45956,107.83858000000001,68.349,1450.38552,5834.219520000001,386.72666,32.5068,41.38498,89.2741,108.68553999999999,27.3385,22.97192,76.77,39.35434,25.81644,31.20206,1079615644.2123399,315392499087707.06,5576.459,26600374.568,29644264.8789,4007838373633.846,95360515.0465,922.263,909.6309,4.1279,13.9976,38.1389,225.5081,1881.793,160.5327,18.5882,20.9913,33.105,32.4708,10.06,7.72,12.8234,15.0454,7.0682,28.3214,20.3519,4.1279,24403.511,22331727635720.008,659200494627.275,2.4313889796185944e+16,57989794798.6098,72444317.7287,5320288.2093,5890.9498,390.9137,114.3912,2992.9213,10814.5593,982.6629,51.2088,79.8806,208.2574,332.8546,50.2838,36.1997,137.7954,97.5357,72.6226,33.4466,3337370949.3033,2.4313889796185944e+16,14,5,5,5,5,5,5,5,5,5,5,5,5,5,5,5,5,5,5,5,5,5,5,5,129,0.5864285714285714,0.6140000000000001,0.636,0.6940000000000001,0.688,0.652,0.596,0.544,0.604,0.44000000000000006,0.608,0.624,0.588,0.572,0.604,0.638,0.612,0.5720000000000001,0.488,0.576,0.502,0.504,0.44400000000000006,0.49400000000000005,0.5789147286821706
Open,Open,Open,nsmallest,-9999,3,1,1,0.999,0.002,1254,4458.346799999999,21369260599.5875,3636248.1538,549028.5872,1063213209.4845,437360.8708,6671.6088,9.9284,30.1874,599.0965,1474.3826,3838.7914,54.7836,28.7831,3.9851,26.1358,19.7306,25.5098,37.7518,143.121,10.3212,18.7459,11.2244,4806.253,196.2644,5595.802414285715,61952118301239.89,1337626867.7885,4336791218.97424,55752130312.630394,706294.0127999999,319196.67652000004,7416.79222,83.1724,567.3240800000001,1661.5668799999999,4891.30976,509.20816,30.48472,18.029980000000002,59.69256,42.619279999999996,25.0433,45.77342,111.37046000000001,26.454259999999998,17.8294,63.07518,7391783074.816701,2403912313544.2935,609.6292,2333710.2041,881326.3615,53807.574,2322871.9386,78.5119,1463.6346,3.4103,5.8982,58.8914,76.1736,989.7534,38.0132,19.7529,3.9359,18.7335,11.9674,5.0423,11.0873,11.9189,10.0062,7.0813,8.4015,2.3908,2.3908,9753.3846,182888715142054.56,6578641810.5454,21230704747.6682,157613495396.791,1575623.0435,1543470.8274,36641.5349,258.1565,931.5481,4604.2146,9692.806,1991.3276,45.3328,47.6162,196.2644,117.762,55.2586,84.9649,188.4466,89.0428,28.5713,222.1991,31208518294.2933,182888715142054.56,14,5,5,5,5,5,5,5,5,5,5,5,5,5,5,5,5,5,5,5,5,5,5,5,129,0.34928571428571425,0.42400000000000004,0.32,0.352,0.442,0.45200000000000007,0.40599999999999997,0.32599999999999996,0.372,0.322,0.33599999999999997,0.372,0.27,0.3,0.288,0.376,0.288,0.32,0.31799999999999995,0.368,0.282,0.304,0.274,0.248,0.33868217054263566
Open,Open,Close,nsmallest,-9999,2,2,2,0.999,0.002,1254,5249.2823499999995,311468833.8095,57239427.7185,36241703769.3433,293841283.6469,739.9528,612091.1232,116.1343,33.569,57.953,608.7703,8880.4743,131.2197,40.7058,52.972,50.9018,144.7992,29.0076,36.8722,16.9141,42.3587,31.2743,27.029,614705820.7791,161.5602,6033.948321428571,5929739045536.234,31459933613.844738,24466109887.19438,7363019402.54008,63188744.077199996,626587.38668,984.57544,80.54648,124.62744,689.1254200000001,12877.100900000001,208.76711999999998,36.83428,49.10792,55.47408,149.18882000000002,63.638760000000005,42.0124,63.34474,47.33426,30.378120000000003,40.01508,7.739241830914818e+16,2999938426399394.5,1711.0375,944953.8139,2472393.227,88695441.7035,615729.102,232.8235,285.8638,2.4754,7.806,53.342,22.1702,159.4695,80.7426,6.9641,19.8586,28.9251,65.9305,8.4709,4.2377,15.9274,35.517,9.8692,9.0485,8.1704,2.4754,10980.6647,29647846118467.51,157008599709.9268,45475191646.7934,35853127981.2067,315934322.862,1816124.987,4665.3625,166.7509,392.8844,1319.1419,27199.2882,580.0989,66.6597,61.3733,100.2372,241.5678,161.5602,67.0763,239.6042,77.8791,49.1233,123.5269,3.869620894660525e+17,3.869620894660525e+17,14,5,5,5,5,5,5,5,5,5,5,5,5,5,5,5,5,5,5,5,5,5,5,5,129,0.5564285714285715,0.62,0.6,0.688,0.646,0.608,0.55,0.492,0.5780000000000001,0.458,0.598,0.654,0.568,0.53,0.572,0.584,0.6,0.568,0.48,0.514,0.472,0.48,0.394,0.302,0.5470542635658914
Close,Open,Open,nsmallest,-9999,2,2,2,0.999,0.002,1254,5447.0913,132407267.9548,3247371.156,4833792120.8,36541347.0883,1184.9597,143852.7637,139.3345,45.2326,148.5713,155.7824,6945.8846,632.4015,29.2919,49.5671,44.926,107.6696,39.3432,39.1811,28.9321,42.3026,21.6094,66.7806,2868592906.3207,161.5424,6688.6486,596626725318.0319,66733533938.96617,230418144426.63055,8132591521.00218,9002072.2649,230634.8278,1932.7375600000003,88.50658,141.33646,376.25156000000004,18174.180379999998,683.49856,65.91376,42.25764,45.556560000000005,110.09508000000001,37.6202,31.32904,60.53848000000001,76.39982,22.16444,546662.3271999999,3.1767337010497695e+18,1.2312924817715445e+17,2188.2015,6279779.3437,444207.6124,361499941.9999,432312.6064,25.443,917.0412,3.1013,10.1019,93.9532,109.6205,244.5095,160.1126,19.5064,26.1674,15.606,75.3373,14.1462,11.9299,21.858,39.7321,9.2256,29.7002,91.6233,3.1013,12175.9085,2982383186752.197,332921904174.3888,896543433310.2422,40493321058.2893,44968795.2684,540465.2258,9348.6753,183.8425,164.5099,1310.969,48611.4486,1247.9175,186.1014,50.103,89.8121,147.3079,65.247,48.5245,195.6046,161.2126,40.0582,1451555.282,1.5883668496447064e+19,1.5883668496447064e+19,14,5,5,5,5,5,5,5,5,5,5,5,5,5,5,5,5,5,5,5,5,5,5,5,129,0.5685714285714286,0.6380000000000001,0.584,0.642,0.654,0.622,0.532,0.538,0.572,0.49800000000000005,0.558,0.646,0.584,0.592,0.584,0.592,0.608,0.5359999999999999,0.454,0.538,0.526,0.48200000000000004,0.4600000000000001,0.4960000000000001,0.5631007751937984
Close,Open,Open,nsmallest,-9999,3,2,1,0.999,0.002,1254,1493.1298,26942662.6127,3189354.9188,2441121981.8318,60311330.6326,1242.333,21340.2493,37.2644,24.6765,120.2015,1108.2087,1262.9361,203.5847,60.5745,13.7034,99.5086,35.5556,18.0451,21.0181,42.457,16.4861,4.9827,24.5825,304.2568,120.2015,5442.3583,20488647069645.477,15116347448.80138,822095376811.2668,9495511654654.988,2591467.79426,128326.59125999999,3068.1934599999995,80.70492,107.62486000000001,1393.1848,7760.17128,515.0384799999999,49.945260000000005,17.50654,71.85486,37.95358,32.9223,18.6864,58.65294,31.118119999999998,7.02272,124084.03244000001,7.68002136599675e+19,2.9767536620674734e+18,541.2129,9986.5935,26438.9387,15289639.1577,2238.3358,44.3082,3689.6086,3.0561,15.2421,12.0952,49.5913,114.1872,89.9817,11.087,6.3313,3.8419,18.4426,5.0289,7.2796,31.7461,10.1245,4.398,9.4054,23.0147,3.0561,20106.0327,102424770225082.48,70364905095.8269,4102395782011.867,47477396076875.14,12382383.9392,560535.1241,15196.1174,322.2559,185.5723,4629.2949,24865.9993,1930.5601,104.1571,30.5636,128.108,55.9291,111.6593,22.9586,100.3399,83.0465,11.5019,620335.4327,3.840010682998371e+20,3.840010682998371e+20,14,5,5,5,5,5,5,5,5,5,5,5,5,5,5,5,5,5,5,5,5,5,5,5,129,0.3442857142857143,0.434,0.362,0.45999999999999996,0.442,0.404,0.35,0.33799999999999997,0.352,0.29,0.374,0.378,0.336,0.316,0.3,0.37,0.356,0.328,0.236,0.364,0.27199999999999996,0.22000000000000003,0.23399999999999999,0.266,0.3389922480620155
Open,Open,Close,nsmallest,-9999,3,2,1,0.999,0.002,1254,1522.0084,421612202.2218,4879773.7202,284728308.3272,22145159.6687,14359.4288,46363.9904,38.4183,14.5573,86.8756,545.8406,1591.2412,88.3787,8.068,15.3792,15.9353,112.9573,16.6051,18.4188,42.602,12.8945,6.7586,12.0748,354.4826,114.6033,3318.3981,18943791561379.656,2421444988660.799,54524772962.08553,18206317068261.363,58063.725880000005,55169.70026,2622.0681799999998,62.14384,152.21792,539.75726,4757.39066,135.23892,15.81732,14.104740000000001,72.17060000000001,87.78312000000001,36.57536,15.8672,46.40372,19.55986,8.86384,18.11344,4.080551290850977e+18,1.5816243864067827e+17,819.8772,141969.3779,908.133,35256531.0923,19931.5065,652.2058,3318.4717,2.6918,7.0211,29.9497,25.1816,114.6033,6.907,5.278,8.5886,5.3612,5.4046,10.0098,6.9021,11.3704,10.544,6.6024,6.0708,4.6301,2.6918,10210.3482,94695673100473.95,12102603839151.238,268491391411.037,91030359711404.77,149680.1569,155890.8169,12988.9303,242.9769,314.1579,1455.214,18933.5668,307.7706,35.2576,19.1686,258.4017,177.5045,122.3357,26.5656,89.8012,48.9365,16.6433,40.9216,2.040275645425468e+19,2.040275645425468e+19,14,5,5,5,5,5,5,5,5,5,5,5,5,5,5,5,5,5,5,5,5,5,5,5,129,0.33571428571428574,0.426,0.35,0.43200000000000005,0.47000000000000003,0.368,0.378,0.288,0.336,0.34199999999999997,0.33399999999999996,0.366,0.27599999999999997,0.292,0.288,0.366,0.32799999999999996,0.362,0.256,0.324,0.252,0.22800000000000004,0.21600000000000003,0.22199999999999998,0.32713178294573647
Open,Open,Open,nsmallest,-9999,3,2,1,0.999,0.002,1254,739.6623500000001,19906840.6019,3862403.3653,5360997.6764,13124204.554,736.2776,22488.0681,30.9879,13.6794,166.0936,365.5415,1997.5714,99.8078,35.3211,16.1247,13.123,20.9265,18.0812,20.0962,45.6767,12.1955,8.092,19.3172,869.1406,112.1443,1840.5088,16352751716489.723,23824318545.91038,74371783.78642,1654022766609.9985,60855.419259999995,25848.49016,2951.7673600000003,44.96712,164.99744,984.6462600000001,5962.57414,248.74366,50.04248,15.736279999999999,41.27456,53.837599999999995,22.71302,18.160040000000002,55.014559999999996,27.33082,6.9741,16.08364,1.1475099069840144e+19,4.447719806400551e+17,322.9788,22520.5138,192.5839,1466970.5295,3552.1616,31.3678,3648.8278,2.5886,4.8186,9.4804,51.8557,193.9518,9.7213,13.2383,8.9316,4.0595,6.7536,6.4212,7.5369,14.2134,11.4251,4.9048,4.875,6.515,2.5886,4682.2632,81744363882382.61,118727031720.5489,318237057.1584,8269998314183.356,152669.8227,56897.4532,14637.3613,175.7122,276.2636,4066.4448,19035.7454,897.1479,134.632,21.3495,112.1443,201.4835,55.117,24.1787,107.9987,83.2749,8.5461,25.3752,5.737549534920037e+19,5.737549534920037e+19,14,5,5,5,5,5,5,5,5,5,5,5,5,5,5,5,5,5,5,5,5,5,5,5,129,0.3271428571428571,0.422,0.33799999999999997,0.404,0.434,0.376,0.37,0.284,0.312,0.33599999999999997,0.34199999999999997,0.37,0.292,0.328,0.3,0.35,0.308,0.33399999999999996,0.252,0.324,0.24,0.22400000000000003,0.21600000000000003,0.238,0.3220930232558139
Open,Open,Open,nsmallest,-9999,2,2,2,0.999,0.002,1254,2027.11795,73478401.4251,3670204.6677,77709009.2019,726298.1418,226.1549,130674.6612,129.2705,39.1367,102.1769,538.1049,1490.6624,105.8308,19.6302,24.8954,28.0302,68.1192,37.7089,32.1574,16.4961,51.9038,37.4726,23.5933,4299448145.308,105.8308,3058.909492857143,585580942762.0887,1110742993.5551,719325463.5128801,6271805547.3808,7458429.746719999,258060.67250000002,1272.29418,88.81108,108.4221,733.13458,1531.20364,638.8343199999999,24.34726,24.39376,30.78814,67.14184,34.16074,44.31168,68.68252,57.52311999999999,34.69064,35.01098,4.572932559524153e+18,1.772454710548333e+17,1000.9444,703017.449,50390.564,9787833.9758,292351.5684,24.9323,246.5808,2.516,6.005,90.3848,53.905,55.4531,52.1277,16.2889,16.0411,20.8351,59.0875,11.3908,4.8844,14.8688,33.046,11.8388,15.4024,23.471,2.516,5938.9199,2927722198839.636,5496933670.654,1936638889.3352,31322310094.269,37285018.5413,620484.8768,6079.4973,191.149,139.1076,2227.398,3513.6746,2806.4687,46.3468,37.3929,43.269,78.3269,58.0188,77.9524,262.259,102.6078,69.8324,90.2452,2.28646627887845e+19,2.28646627887845e+19,14,5,5,5,5,5,5,5,5,5,5,5,5,5,5,5,5,5,5,5,5,5,5,5,129,0.5414285714285715,0.604,0.5519999999999999,0.654,0.634,0.596,0.538,0.492,0.5820000000000001,0.4640000000000001,0.608,0.594,0.538,0.496,0.5,0.5660000000000001,0.5680000000000001,0.554,0.48,0.51,0.476,0.5,0.382,0.376,0.534108527131783
Close,Open,Close,nsmallest,-9999,3,2,2,0.999,0.002,1254,950.30445,27214828.0815,339554.128,1299429684820.7886,9612399.5935,9684.8084,6852.2389,17.8022,10.8649,19.2679,292.6063,733.0873,109.2524,8.5586,19.937,51.7637,90.4079,18.2516,11.2109,31.7348,18.5214,8.4376,20.982,1579.9389,95.3249,2612.4487357142857,21115003859.00294,51213134154.590935,2602696645509.7573,86034349194.86447,78203.25577999999,14824.554800000002,412.94488,32.447019999999995,28.075920000000004,253.31484,7302.1296600000005,115.23017999999999,16.202199999999998,21.039279999999998,47.19008,69.77526,28.1869,10.119800000000001,25.27092,50.61283999999999,8.2729,349673.83392,1.52472498375048e+17,5909893776536401.0,780.3917,14912.0824,51323.1414,12484076010.6342,2810.5614,105.4582,997.0427,3.2225,9.5323,15.8755,48.9346,231.5116,27.7443,4.6136,6.1085,9.286,20.459,9.6651,5.4696,10.1899,8.825,6.5818,4.2796,10.5382,3.2225,7186.6227,105443158840.979,255196461473.2664,8183131918268.434,430131291486.1076,336450.6459,57229.1423,2002.8898,87.6255,59.6213,367.3662,33802.7263,212.5145,35.9329,42.71,95.3249,105.1066,73.7549,13.7277,37.8431,174.1503,9.9854,1748308.754,7.623624918751809e+17,7.623624918751809e+17,14,5,5,5,5,5,5,5,5,5,5,5,5,5,5,5,5,5,5,5,5,5,5,5,129,0.5571428571428572,0.586,0.618,0.696,0.718,0.604,0.5660000000000001,0.522,0.512,0.44399999999999995,0.6220000000000001,0.602,0.596,0.512,0.588,0.5980000000000001,0.632,0.59,0.43599999999999994,0.5519999999999999,0.44800000000000006,0.41600000000000004,0.392,0.38,0.55
Open,Open,Close,nsmallest,-9999,3,1,2,0.999,0.002,1254,3543.87405,4327381877.8144,43066326.9501,460273142.3988,289297625.354,404284.6228,1417.593,7.9075,21.3135,75.3976,365.0098,865.4871,74.5929,31.9262,19.9826,52.0673,30.7794,16.9554,19.8203,56.979,26.1184,13.5178,53.1812,271.0226,92.4091,4083.593342857143,5001207483222.325,1158555385.9634001,104899927419.18842,6097216511.55158,4181019.8977200002,346207.31622000004,962.7281599999999,41.540679999999995,86.65512,336.48964,1228.50862,163.73108,37.244060000000005,26.779200000000003,41.87142,51.03512,25.68752,25.45114,43.0655,23.023000000000003,14.2023,58.93955999999999,778197823.43144,198222710162.42975,1516.3213,33737826.6794,31053519.9339,85949982.8899,2305151.9943,115.1755,772.4733,2.9688,18.4248,39.975,138.06,700.3232,46.6567,22.7742,10.1908,11.0941,28.3342,4.9456,5.5137,14.0855,9.6546,6.2052,24.7192,14.8072,2.9688,6147.5901,14593610155570.826,5392693227.6814,520035740267.1524,17444899724.3236,15409106.8109,945583.4834,4647.9899,113.4318,162.896,427.6137,2252.1484,445.9294,70.0583,54.1646,60.1006,98.0567,50.513,45.6988,64.7661,33.4266,27.7259,92.4091,2187011726.2234,14593610155570.826,14,5,5,5,5,5,5,5,5,5,5,5,5,5,5,5,5,5,5,5,5,5,5,5,129,0.5650000000000001,0.634,0.5820000000000001,0.63,0.678,0.656,0.596,0.484,0.5439999999999999,0.514,0.592,0.596,0.526,0.568,0.58,0.5900000000000001,0.5700000000000001,0.562,0.5,0.528,0.48200000000000004,0.4720000000000001,0.44800000000000006,0.38,0.5540310077519379
Open,Open,Open,nsmallest,-9999,3,1,2,0.999,0.002,1254,980.51535,465195790.413,1707557.4848,215119.6021,7732331.6175,43330.8553,1107.6311,8.255,16.7556,83.8556,426.9151,585.543,52.5122,19.6272,5.9278,13.1306,25.4874,13.4054,15.9473,44.4844,27.2752,10.6297,25.6977,1494.4436,82.8415,1195.3458928571429,301044756661.42175,205571193.05388,43442247.90962,188543349.5835,68944.2242,9850.37206,522.24366,48.43447999999999,73.81836,332.49343999999996,601.82328,311.14846,20.81604,11.116240000000001,16.42176,34.2192,12.84038,18.1113,42.35526,26.39626,15.493680000000001,32.15958,997450605.08334,11724025128.62435,249.3142,301099.8714,63492.5316,16542.879,247377.814,25.3228,551.1175,2.3264,8.9185,25.4383,47.3474,142.1431,38.917,19.4206,5.022,8.6802,14.1732,4.5857,5.1841,14.8228,6.5252,7.5877,20.3335,7.2577,2.3264,1884.2477,866990140017.9689,1021995664.3793,198760750.284,523011553.1237,166323.0984,42337.7789,2477.2318,178.8079,89.6629,568.8326,1095.1037,1317.2394,25.6747,20.0435,34.0044,75.5059,22.1775,30.8399,85.8537,43.0652,34.7808,50.4141,3605413743.8476,866990140017.9689,14,5,5,5,5,5,5,5,5,5,5,5,5,5,5,5,5,5,5,5,5,5,5,5,129,0.5385714285714286,0.598,0.536,0.602,0.604,0.662,0.5900000000000001,0.476,0.5359999999999999,0.508,0.564,0.5599999999999999,0.49800000000000005,0.51,0.518,0.528,0.538,0.54,0.496,0.52,0.46799999999999997,0.502,0.41200000000000003,0.386,0.5294573643410853
Close,Open,Open,nsmallest,-9999,3,1,2,0.999,0.002,1254,1796.2645,370966720.9294,103873698.9294,5045112.4124,14303249.28,167560.3382,1401.2599,9.4296,32.263,33.6093,908.6429,1546.3739,109.2967,22.9948,11.4188,19.2271,43.7359,19.997,15.5231,77.9838,29.0067,12.5645,26.437,5433.8291,82.8215,2190.50335,431199482457.7836,6464981290.21738,1610691860.82472,724467956.93024,227710.65732,10233.0802,799.87104,67.93046000000001,60.58178,649.50706,2766.5853,195.69456,28.764,17.89566,27.947300000000002,48.87714,17.27644,18.56984,65.21226,34.995979999999996,22.9638,30.157040000000002,1012963638.57358,17093520780.399464,589.139,208338.0263,103352.6346,1818487.81,6570209.7717,22.6375,599.0066,2.968,7.6625,31.5587,43.3986,375.772,80.1774,21.1955,7.7253,13.8869,33.5488,10.4867,7.7545,13.4163,11.8898,10.4663,24.2737,6.315,2.968,3408.3924,1244093903853.286,32056899118.1306,7940078745.1365,2747150317.3067,514041.6619,44559.4048,3833.995,244.9088,128.9779,1150.0757,5570.1108,442.109,47.291,37.6446,67.4237,77.1681,22.4268,29.3154,140.1031,82.8215,67.8054,40.7511,3986029124.9875,1244093903853.286,14,5,5,5,5,5,5,5,5,5,5,5,5,5,5,5,5,5,5,5,5,5,5,5,129,0.5635714285714285,0.576,0.5900000000000001,0.588,0.638,0.662,0.586,0.532,0.5900000000000001,0.462,0.5700000000000001,0.63,0.55,0.5519999999999999,0.5559999999999999,0.5599999999999999,0.576,0.524,0.484,0.562,0.506,0.514,0.454,0.47000000000000003,0.5546511627906977
Open,Open,Close,nsmallest,-9999,3,2,2,0.999,0.002,1254,409.51599999999996,32560906.3683,476200.5294,6062173.0206,257866.3863,9783.2073,6688.0911,16.1081,9.1335,22.8497,128.4238,239.6989,68.9519,12.7653,13.7495,11.9209,68.8221,10.5465,11.697,20.8013,8.388,7.7533,31.2088,415.8726,54.3628,774.9955714285715,20954302268.464638,8927277458.89336,155996304.70970002,13031009991.768398,8231.93836,5342.5475400000005,315.15569999999997,23.12728,36.42086,140.07988,657.27504,70.61132,11.46814,13.45582,25.2434,50.90342,18.420840000000002,10.212,19.97034,15.61136,8.237359999999999,42.062920000000005,3.958054841811659e+16,1534131452973636.2,254.3998,19610.5523,2716.2378,1385402.2499,2791.1741,99.8606,1044.8606,2.1817,8.0434,11.5156,21.7981,23.0117,16.9063,6.6644,8.9568,5.6284,7.0557,6.1729,4.2723,9.389,7.7299,6.3855,8.9262,3.9958,2.1817,2017.479,104637041166.5984,44576296478.0285,732024067.7839,65134278451.1598,15852.7174,8990.8429,1522.0293,63.3367,72.0659,371.9582,2476.6853,154.6465,17.5985,16.8852,50.5253,90.4532,54.3628,16.3131,36.5445,37.0048,10.9024,121.2013,1.9790274209054592e+17,1.9790274209054592e+17,14,5,5,5,5,5,5,5,5,5,5,5,5,5,5,5,5,5,5,5,5,5,5,5,129,0.52,0.606,0.554,0.592,0.658,0.616,0.55,0.442,0.508,0.512,0.554,0.53,0.54,0.508,0.536,0.558,0.5359999999999999,0.558,0.43200000000000005,0.492,0.404,0.41200000000000003,0.368,0.294,0.5122480620155039
Open,Open,Open,nsmallest,-9999,3,2,2,0.999,0.002,1254,234.8271,2772918.8113,369202.2034,1026400.3304,188239.1859,764.9192,1705.8224,17.657,14.8996,46.6673,81.2331,295.877,113.442,19.3798,10.744,9.1879,20.8924,10.9677,9.7272,22.9824,9.3872,7.5829,16.4702,1771.7923,45.3767,490.54290714285713,20047189460.710358,247381341.74504,1577884.0958999998,1976641043.74198,6777.063,3723.5898399999996,320.4871,22.06418,41.15904,159.3791,529.6601,83.16488,19.93312,12.5716,14.6591,26.6341,14.731980000000002,9.26994,22.08314,22.645180000000003,8.0009,19.71628,1.4369634158265275e+17,5569626506025414.0,120.167,5880.0985,412.4062,128112.9882,855.2176,13.2947,479.1443,2.0294,8.372,4.8301,25.8649,45.3767,8.0067,10.4971,6.07,4.8644,5.2082,5.0126,5.5482,13.4718,7.8487,6.4413,12.7053,7.0387,2.0294,1170.0986,100145147736.4083,1206431779.6129,4738536.2552,9879797527.5785,17844.2671,9388.5309,1545.9724,61.7602,65.8273,516.2871,1462.4364,138.9879,30.2891,18.235,29.0813,73.6974,39.6831,13.1293,35.0993,68.9504,10.5857,31.1309,7.184817079131648e+17,7.184817079131648e+17,14,5,5,5,5,5,5,5,5,5,5,5,5,5,5,5,5,5,5,5,5,5,5,5,129,0.5092857142857142,0.5980000000000001,0.538,0.596,0.622,0.612,0.546,0.43,0.492,0.5,0.5700000000000001,0.542,0.516,0.504,0.532,0.53,0.488,0.542,0.43200000000000005,0.488,0.404,0.40800000000000003,0.36,0.33199999999999996,0.5041860465116279
Close,Open,Open,nsmallest,-9999,3,2,2,0.999,0.002,1254,383.95515,2703270.4307,324063.8554,25223848.9368,851968.257,786.0186,1428.4781,15.3292,20.8252,25.4241,158.4023,229.1807,70.8963,20.9709,9.0585,25.8393,23.0684,21.609,8.9143,33.0778,16.8163,10.3172,17.0788,3632.0588,43.3101,1089.0951357142856,18572578023.48162,316091060.11674,1471918696.15164,10467473710.79438,72518.56558,16021.364420000002,407.19104000000004,33.04634,23.84836,157.56622,870.50638,124.75241999999999,23.76322,11.52126,21.091720000000002,25.356900000000003,24.63588,9.51344,25.73314,30.549539999999997,9.90012,204749.77372,3.341351242716453e+17,1.2950975003876162e+16,199.8079,3996.1594,8416.6574,913268.1766,709.2813,14.8366,532.0689,2.8846,9.5986,6.5229,27.7392,48.5191,43.3101,9.4644,7.0492,4.4439,15.8437,6.5231,5.4933,11.125,8.331,7.7099,7.7804,20.5329,2.8846,3649.4702,92769463998.1572,1170870977.1045,7268121740.7662,52332695802.8612,313803.0686,71359.3481,1976.4072,101.0307,32.6961,384.3999,2744.2429,313.3137,54.7393,22.29,35.3462,41.4422,65.7418,12.3659,37.0363,83.6133,11.442,1023691.7473,1.670675621358066e+18,1.670675621358066e+18,14,5,5,5,5,5,5,5,5,5,5,5,5,5,5,5,5,5,5,5,5,5,5,5,129,0.5371428571428571,0.5820000000000001,0.5900000000000001,0.6359999999999999,0.6779999999999999,0.596,0.546,0.49800000000000005,0.516,0.44399999999999995,0.578,0.5860000000000001,0.5640000000000001,0.524,0.528,0.538,0.5599999999999999,0.554,0.44000000000000006,0.556,0.43600000000000005,0.42400000000000004,0.388,0.42000000000000004,0.5304651162790698
All,,,,,,,,,,,126.2028,9466.7006,175.04055,36152.43015,397.5251,11.2673,126.7654,3.28955,28.50715,97.7448,369.6622,1298.5264499999998,151.90904999999998,19.8216,8.7981,11.17985,29.678449999999998,12.336400000000001,9.816099999999999,20.47115,12.803550000000001,20.41995,36.007400000000004,33277.25025,42.4811,209966.8734155134,574561457723934.0,8.736391817587734e+16,1.6155815854315731e+30,1.1487308959009972e+16,1162864489.2649724,434560258.63105404,3429.3670593750003,1101.511791875,882.2374215624999,5402.7931871875,2283601.3199871876,2012.685094375,174.43877874999998,44.89211625,121.62658187499999,390.5925765625,35.0517490625,100.22604125000001,61.51568375000001,38.751659062499996,48.117611875,188532077.3125872,2.7746130784052e+20,6.261944130655558e+28,6.2351,2.1101,2.4347,3.6784,1.7371,0.94,1.0937,0.9775,2.3894,3.3878,7.7558,6.2856,1.4185,2.1345,1.1171,1.2605,1.8046,1.3188,1.1534,2.2044,1.15,2.1934,2.6779,1.4295,0.94,17740946.3962,5.879614090837787e+16,1.7159446221768514e+19,4.0491959851803e+32,2.187981158453519e+18,104089895935.383,85748243983.7219,206686.9511,40447.8345,35316.9446,371088.5003,185409019.7111,97384.2725,21512.9688,1680.8082,4478.9706,17307.7178,680.7977,4430.3036,831.3998,274.2995,575.4024,40465231145.9935,3.7729819636913465e+22,4.0491959851803e+32,896,320,320,320,320,320,320,320,320,320,320,320,320,320,320,320,320,320,320,320,320,320,320,320,8256,0.39316964285714284,0.44965625,0.42690625000000004,0.4965625,0.45559374999999996,0.44800000000000006,0.37753125,0.35453125,0.41965624999999995,0.37184375,0.42062499999999997,0.44640625,0.39056250000000003,0.38106249999999997,0.37709375,0.37712500000000004,0.40421874999999996,0.36912500000000004,0.30915625,0.35975,0.32984375,0.334375,0.30765625,0.32034375000000004,0.3887015503875969
Close,Close,Close,nsmallest,-9999,2,1,1,0.999,0.002,1254,70.4043,479.8735,12.5882,50.1136,15.6875,3.027,4.7401,3.4637,2006.3147,80.0826,2795.5873,11032.2298,2351.7011,8.7513,9.5892,13.3691,70.7908,15.779,22.8495,27.1078,16.9013,113.7385,42.838,296053.8943,36.5681,75.8116857142857,1937.4108199999998,21.919159999999998,50.10433999999999,36.23518,3.36396,3.97282,4.20294,1277.79074,693.26286,12920.823059999999,47378.5244,2374.22112,30.71852,13.706579999999999,12.0539,94.91040000000001,15.28794,21.30198,34.90958,16.04682,195.49052,383.57424000000003,6.184186487742742e+17,2.396971506877294e+16,36.3973,147.0344,4.6559,11.647,12.8391,2.4991,2.0348,2.58,18.0697,75.467,1629.6971,5958.5091,84.6159,8.4101,6.2658,5.2825,65.6739,5.9978,3.4818,16.2244,12.2724,104.6742,13.3245,31.4225,2.0348,126.4926,4463.3638,74.6493,123.0011,73.1613,4.4193,5.569,6.241,2289.8227,2610.9706,30143.7916,201506.1838,4941.8351,72.1187,33.2107,19.6613,197.7218,23.7549,48.8739,75.8211,17.961,536.4567,952.6753,3.092093213601251e+18,3.092093213601251e+18,14,5,5,5,5,5,5,5,5,5,5,5,5,5,5,5,5,5,5,5,5,5,5,5,129,0.27285714285714285,0.288,0.27599999999999997,0.358,0.314,0.298,0.258,0.242,0.33799999999999997,0.262,0.324,0.32599999999999996,0.27999999999999997,0.264,0.268,0.21000000000000002,0.31,0.23399999999999999,0.244,0.252,0.25,0.24,0.22000000000000003,0.196,0.271937984496124
Open,Close,Close,nsmallest,-9999,2,1,1,0.999,0.002,1254,44.21405,830.6577,8.72,43.5169,20.0713,1.9176,4.4394,3.1805,3132.0848,132.5688,687.0625,9173.3919,236.924,7.2975,10.1139,8.9278,21.1301,16.685,19.5244,35.4633,16.3325,152.0553,28.209,114287.9982,30.915,48.33477857142857,1817.0422800000001,20.518040000000003,61.518719999999995,29.660360000000004,2.50516,4.0474,3.76926,1990.8154,396.89258,2466.0072,13970.900160000001,1582.62662,53.51336,10.3875,8.77336,24.67708,13.61224,16.30076,52.16874,13.758259999999998,135.24672,122.83742,4.6579774787692275e+17,1.805417627430022e+16,30.8692,124.7932,5.2215,10.9883,13.5747,1.3604,1.6115,2.2101,7.4711,125.6317,182.5574,476.88,76.2253,7.027,9.7421,6.3867,12.3722,8.3725,2.443,15.3071,3.8839,22.178,21.9563,33.059,1.3604,71.8052,3808.2551,74.3546,124.8656,50.9172,5.9391,6.3437,5.6642,3601.3821,860.0176,6000.2484,31209.2105,3895.8772,129.2079,11.0685,12.7232,47.1022,17.2865,32.8081,144.9026,17.3113,206.4639,268.7446,2.3289887350688794e+18,2.3289887350688794e+18,14,5,5,5,5,5,5,5,5,5,5,5,5,5,5,5,5,5,5,5,5,5,5,5,129,0.2557142857142857,0.274,0.258,0.32799999999999996,0.326,0.25,0.22599999999999998,0.252,0.31,0.27799999999999997,0.262,0.3,0.256,0.22400000000000003,0.266,0.20800000000000002,0.23399999999999999,0.21000000000000002,0.2,0.27199999999999996,0.22999999999999998,0.20600000000000002,0.196,0.186,0.2506976744186047
Close,Close,Open,nsmallest,-9999,2,2,1,0.999,0.002,1254,36.76765,35.9205,20.3511,38.8645,14.3051,2.4043,2.4887,2.1227,21.9753,175.1454,110.8624,9423.3569,1376.5772,41.1087,4.2067,5.9213,11.3739,5.811,9.6008,19.7032,13.0024,49.5863,63.2627,12000798960.4138,27.8111,39.03050714285714,215.49720000000002,67.76462,54.84378,16.48146,3.33514,3.10928,2.6513,73.91434000000001,199.84647999999999,1232.39444,11000.11466,962.81016,31.131,5.45356,6.503539999999999,47.57093999999999,11.55006,10.90158,42.85584,13.434880000000001,152.55024,400772.05676,3.3782261356778672e+19,1.3093899750689567e+18,30.291,22.2222,5.4752,35.2544,6.2522,2.0683,1.5007,1.5016,12.3753,160.0444,76.3077,181.4559,49.8121,10.2997,2.7544,4.7754,11.1489,4.8546,2.6145,5.535,9.9687,25.2474,24.812,3.2252,1.5007,49.3119,843.654,157.4972,115.7877,27.8111,6.6368,5.5669,5.0551,158.0211,321.2232,5618.029,34659.0874,1651.2047,44.2668,11.8899,8.8158,136.6701,23.0115,25.6521,121.3198,17.0752,338.403,2003665.2807,1.6891130673832057e+20,1.6891130673832057e+20,14,5,5,5,5,5,5,5,5,5,5,5,5,5,5,5,5,5,5,5,5,5,5,5,129,0.2564285714285714,0.274,0.28,0.332,0.27,0.292,0.19,0.202,0.294,0.29200000000000004,0.256,0.328,0.268,0.258,0.21400000000000002,0.18,0.26,0.22799999999999998,0.17200000000000001,0.238,0.20400000000000001,0.248,0.184,0.254,0.24945736434108526
Open,Close,Open,nsmallest,-9999,2,1,1,0.999,0.002,1254,40.2307,521.2259,11.4977,6666.5362,8.7622,1.7009,2.6206,1.8525,858.6606,1125.2859,7009.0222,1588.431,482.3732,3.7862,6.4249,3.3413,6.3241,5.6486,6.5678,6.9841,4.7261,118.5397,269.0734,969602.8641,26.8108,48.416549999999994,802.9211600000001,18.19948,92286.88168,15.31896,1.42528,2.1651800000000003,1.9568999999999999,543.86412,934.32078,6913.41638,2305.2098,688.2921,118.89706000000001,5.35602,3.36916,19.12408,6.7690399999999995,5.83388,7.7258,6.01718,135.94512,290.25092,2.790627754026017e+18,1.0816386643512101e+17,26.7129,53.2595,8.2305,6291.0349,7.3839,0.94,1.3626,1.7168,7.2912,171.7944,491.8248,800.4824,456.5877,3.6855,2.5402,2.2033,6.0972,2.9517,2.0514,6.8766,1.9369,18.3114,49.1143,47.2102,0.94,79.4417,1522.1003,50.9565,240191.9559,28.0206,1.824,2.8144,2.2033,966.1939,1159.8936,13817.0318,6592.3872,1540.4224,458.2513,6.5049,5.6644,47.2064,9.8734,10.6151,10.5432,14.2356,306.2492,447.0823,1.3953138343502422e+19,1.3953138343502422e+19,14,5,5,5,5,5,5,5,5,5,5,5,5,5,5,5,5,5,5,5,5,5,5,5,129,0.24571428571428572,0.256,0.276,0.422,0.27599999999999997,0.23000000000000004,0.22799999999999998,0.21600000000000003,0.284,0.302,0.322,0.27199999999999996,0.25,0.20800000000000002,0.21800000000000003,0.174,0.21200000000000002,0.19,0.194,0.252,0.202,0.22799999999999998,0.21000000000000002,0.21400000000000002,0.24511627906976746
Close,Close,Close,nsmallest,-9999,2,2,1,0.999,0.002,1254,43.5106,56.5228,12.3244,25.7026,14.5292,2.1609,3.0803,2.4739,45.8627,147.425,1161.4729,27430.1046,1265.5328,21.3906,6.8294,6.5186,60.6571,13.3569,7.8633,25.8974,11.7861,37.7248,27.5341,3813996563.6874,25.7026,40.349935714285714,347.79807999999997,53.16762,25.42566,16.381,3.85698,3.24328,2.88618,91.72454,114.79928,1516.33714,20265.1092,1069.70462,21.37432,9.85822,6.38874,58.81256,14.862919999999999,9.59594,37.30182,10.949300000000001,144.24172000000002,421835.46366,1.7999867166981216e+19,6.976692700380489e+17,26.5953,23.0168,5.1119,14.3851,6.7259,2.1284,1.6565,1.9795,18.0709,32.221,94.2215,234.6512,32.0899,14.2101,5.8636,3.5551,20.6113,5.7183,2.5026,4.1295,7.4461,11.3709,9.8736,3.4968,1.6565,51.6097,1479.0727,123.2904,36.6285,25.7113,9.2399,5.1972,4.2172,189.0663,161.1133,4460.537,41653.4452,2336.1627,27.42,22.9609,10.8708,102.1273,27.2254,21.6587,79.1279,13.6414,333.272,2109099.8338,8.999933580643205e+19,8.999933580643205e+19,14,5,5,5,5,5,5,5,5,5,5,5,5,5,5,5,5,5,5,5,5,5,5,5,129,0.2635714285714286,0.274,0.268,0.32799999999999996,0.288,0.274,0.194,0.22799999999999998,0.31,0.282,0.266,0.368,0.27199999999999996,0.25,0.244,0.178,0.288,0.25,0.17,0.246,0.20800000000000002,0.242,0.18,0.244,0.2554263565891473
Open,Close,Close,nsmallest,-9999,2,2,1,0.999,0.002,1254,31.868450000000003,61.6547,17.483,40.3404,18.5135,2.8619,3.8,2.1535,51.2985,94.3525,159.4024,10634.3909,65.0164,19.4565,7.8059,6.5662,22.3992,30.8584,7.2606,14.2246,7.9333,43.4045,21.5146,2660848450.7924,25.2119,35.14160714285715,331.79166,35.95226,40.41686,21.4546,2.5462,3.34358,2.9142400000000004,38.73762,212.15126,1292.188,8341.728299999999,84.16130000000001,31.949099999999998,10.53848,5.7929,21.55906,20.366899999999998,8.86884,102.98608000000002,10.2093,204.39961999999997,4753368.8928000005,4.877854633097851e+18,1.8906413306599283e+17,23.3386,13.7384,8.417,12.0978,3.6836,1.4754,1.5074,1.7152,5.2746,70.9643,50.7859,41.9048,54.9045,13.3754,2.6359,2.9241,14.2,1.7118,1.7227,6.3208,5.2062,6.1667,4.8601,3.4823,1.4754,48.4973,1238.3059,75.4791,71.1241,36.6783,3.0364,5.5145,6.6604,62.4689,701.2053,5700.8729,16258.373,124.0025,80.7812,30.2595,7.5907,26.1655,34.0687,19.7188,447.1532,15.8698,487.7476,23766735.1338,2.438927315651267e+19,2.438927315651267e+19,14,5,5,5,5,5,5,5,5,5,5,5,5,5,5,5,5,5,5,5,5,5,5,5,129,0.25285714285714284,0.27999999999999997,0.25,0.344,0.296,0.244,0.192,0.22799999999999998,0.248,0.268,0.254,0.32599999999999996,0.21400000000000002,0.236,0.246,0.192,0.238,0.21200000000000002,0.156,0.24,0.2,0.21000000000000002,0.182,0.184,0.23829457364341086
Open,Close,Open,nsmallest,-9999,2,2,1,0.999,0.002,1254,37.01305,48.4983,34.671,3893.4224,17.8908,2.713,3.6516,1.6397,28.7534,107.1026,222.5071,1334.1168,47.7242,14.215,2.9201,6.6149,10.7209,8.0534,10.4592,14.1005,11.1529,40.6461,31.9915,20208633779.5231,24.7945,38.20431428571429,251.09958,45.87378,2676.1274000000003,41.25654,3.0108,3.2560200000000004,2.47652,37.38204,202.31502,620.32274,1371.80594,697.76316,15.64864,5.03224,7.749280000000001,13.07938,10.883799999999999,11.14854,113.43789999999998,13.407599999999999,240.11034,4402153.061679999,4.480030202840991e+20,1.7364458150546647e+19,24.7985,13.3092,9.8401,521.2987,5.0714,1.5567,1.3937,1.3686,5.7838,54.2675,42.2647,26.339,5.7426,3.9848,2.8917,4.6426,10.5139,1.8214,2.0147,9.7886,9.2519,8.2469,6.7379,1.4295,1.3686,47.4185,910.3608,88.8077,4007.5317,85.7689,4.1709,6.1392,5.6206,73.1875,629.557,1660.1026,4002.5579,3367.8549,24.7945,13.3484,14.0575,18.8174,26.4843,25.6714,494.1991,19.1898,575.4024,22010645.7585,2.240015101342427e+21,2.240015101342427e+21,14,5,5,5,5,5,5,5,5,5,5,5,5,5,5,5,5,5,5,5,5,5,5,5,129,0.25142857142857145,0.27999999999999997,0.268,0.40800000000000003,0.31,0.258,0.188,0.21000000000000002,0.25,0.264,0.264,0.27399999999999997,0.20400000000000001,0.22199999999999998,0.21400000000000002,0.20400000000000001,0.22199999999999998,0.192,0.162,0.23200000000000004,0.20400000000000001,0.21800000000000003,0.178,0.242,0.23922480620155037
Close,Close,Open,nsmallest,-9999,2,1,1,0.999,0.002,1254,53.4832,534.8426,10.6307,141.5457,5.8142,1.6809,2.3867,1.9484,1707.2672,192.3095,4527.61,9201.4088,4509.2733,17.242,2.8896,7.0821,15.2252,3.7202,6.4888,9.6098,3.5887,49.8054,149.3908,472806.433,21.535,53.91592142857143,1000.7798399999999,17.0092,115.30596,9.16038,1.66996,2.1509,2.0602,1086.3883799999999,698.87248,10459.00106,9325.28368,3937.87294,537.6726,4.79684,8.36464,40.025079999999996,10.22934,8.25046,9.41868,5.88544,79.03494,246.41040000000004,1.716392361965663e+19,6.652683573510332e+17,21.461,70.551,7.4956,14.2859,4.7117,1.463,1.365,1.928,15.4064,175.0268,4033.2118,7237.37,138.4243,16.3855,2.8281,1.2605,14.4861,2.3011,2.5034,8.3533,3.3449,47.562,57.4286,203.4947,1.2605,93.2318,2012.6583,48.2743,252.8769,16.0864,1.779,3.2109,2.53,1943.2682,2726.3067,20579.9068,12408.7388,10041.2396,1849.706,11.7598,19.1739,81.6024,21.0335,22.4451,10.0323,14.8624,197.8539,453.648,8.58196180001712e+19,8.58196180001712e+19,14,5,5,5,5,5,5,5,5,5,5,5,5,5,5,5,5,5,5,5,5,5,5,5,129,0.2571428571428572,0.266,0.282,0.33,0.238,0.262,0.23399999999999999,0.22000000000000003,0.328,0.27199999999999996,0.35,0.30999999999999994,0.27799999999999997,0.278,0.21200000000000002,0.18,0.28600000000000003,0.20800000000000002,0.23199999999999998,0.242,0.22800000000000004,0.23399999999999999,0.22599999999999998,0.22600000000000003,0.2574418604651163
Close,Close,Close,nsmallest,-9999,2,1,2,0.999,0.002,1254,34.6639,257.6107,12.0762,23.6273,8.0901,2.8289,3.9138,3.2306,534.1394,40.389,224.6976,955.3372,285.911,7.041,5.5807,10.4649,37.9229,23.3122,9.0119,13.2075,13.3925,47.4756,22.1037,236276.451,20.3999,31.71695,533.52392,15.25064,20.327379999999998,10.750539999999999,2.8767,3.4962600000000004,3.40674,341.33142,97.92222000000001,2631.3754,2882.78288,307.79536,15.314699999999998,8.03994,10.42924,36.28482,19.09082,7.6564000000000005,16.61476,14.20332,63.32544,94.58926,1.2939174342699804e+16,501518385376241.44,19.4995,67.1369,6.1311,10.7547,5.5246,2.5894,2.3907,2.3228,12.4002,38.5666,102.002,399.3823,69.9642,6.4425,5.3994,8.0726,26.3427,11.1016,3.491,7.0365,12.2752,44.3258,17.5498,98.7697,2.3228,44.6257,1081.9199,39.5208,31.1538,17.8084,3.109,4.7776,4.6049,596.2819,209.8913,6557.0802,11280.9099,652.3902,31.6294,18.1859,12.8121,40.4835,24.3443,11.9192,37.4144,18.6922,129.7432,209.8898,6.469584326984628e+16,6.469584326984628e+16,14,5,5,5,5,5,5,5,5,5,5,5,5,5,5,5,5,5,5,5,5,5,5,5,129,0.42928571428571427,0.472,0.45199999999999996,0.524,0.45,0.502,0.394,0.37,0.49400000000000005,0.438,0.512,0.48,0.44400000000000006,0.404,0.414,0.392,0.45999999999999996,0.43200000000000005,0.344,0.378,0.414,0.398,0.344,0.356,0.4290697674418605
Close,Close,Open,nsmallest,-9999,2,2,2,0.999,0.002,1254,22.44965,46.6778,15.3023,32.3429,6.8518,2.6361,2.7661,1.923,19.8201,36.9069,38.9891,507.331,166.3493,12.4144,4.693,5.0483,17.5777,13.8276,4.9206,12.6626,11.7535,20.4958,376789.4885,3399496474.1485,18.5288,23.456,77.59968,43.61276,31.2277,7.641039999999999,2.93584,3.22516,2.23338,35.1252,56.517939999999996,143.1261,780.41614,135.27465999999998,12.75724,5.00348,6.6614,23.04982,12.40704,5.21858,18.35558,12.17034,71.86746,615645.79174,4.894270995518036e+18,1.8970042618289354e+17,16.459,18.8174,5.9316,24.1236,4.0347,2.0312,2.6744,1.7987,14.5173,35.5354,24.8722,50.5619,24.575,8.4879,2.4724,4.6005,8.678,8.6057,1.9985,4.0547,6.6163,15.4509,27.457,18.5288,1.7987,35.448,178.5497,93.9809,42.4782,11.3804,4.0387,4.8307,3.2922,63.1191,96.4222,452.3093,2576.1607,220.2106,21.5461,9.2357,9.8527,50.3987,14.8285,10.0246,50.92,15.8846,155.0484,1459775.8629,2.447135496627178e+19,2.447135496627178e+19,14,5,5,5,5,5,5,5,5,5,5,5,5,5,5,5,5,5,5,5,5,5,5,5,129,0.42,0.462,0.45999999999999996,0.554,0.43200000000000005,0.476,0.344,0.32599999999999996,0.47000000000000003,0.42000000000000004,0.488,0.502,0.43200000000000005,0.386,0.378,0.372,0.4640000000000001,0.438,0.302,0.356,0.358,0.382,0.306,0.372,0.4130232558139535
Open,Close,Close,nsmallest,-9999,2,1,2,0.999,0.002,1254,24.859,265.8256,13.6406,31.3316,8.536,2.4282,3.1736,2.9937,330.1427,32.9788,168.9419,556.6077,58.0053,6.2056,6.937,4.754,18.1582,8.7246,8.9582,10.6562,7.0664,37.1184,57.1707,183233.5582,17.7306,23.22562142857143,391.5219,14.22268,24.2393,9.25544,2.44908,3.2594000000000003,2.55766,209.54232000000002,74.04408,1381.2186,435.01688,547.69846,16.084899999999998,7.845820000000001,5.00426,25.57774,15.35274,7.293639999999999,13.43816,7.462999999999999,45.92496,62.867059999999995,3.8582478391620243e+17,1.4954448989000226e+16,15.8652,88.8181,4.478,6.4764,7.6455,1.7799,2.4926,1.8283,5.1139,31.9863,53.0494,62.8269,55.7557,6.118,6.5128,3.9412,17.7306,7.2511,3.5838,7.241,4.7492,35.8165,23.2347,72.9095,1.7799,31.0755,695.1334,34.5977,39.3243,11.1881,3.8114,4.0869,3.0829,365.6003,141.6517,3401.299,738.2856,1319.7226,31.3427,11.4595,7.4164,44.2504,27.1149,10.1493,29.1901,11.6965,82.5426,105.8299,1.929123904665661e+18,1.929123904665661e+18,14,5,5,5,5,5,5,5,5,5,5,5,5,5,5,5,5,5,5,5,5,5,5,5,129,0.40785714285714286,0.44799999999999995,0.43599999999999994,0.492,0.462,0.454,0.384,0.374,0.43200000000000005,0.418,0.472,0.404,0.458,0.394,0.43200000000000005,0.364,0.454,0.406,0.318,0.348,0.364,0.362,0.332,0.374,0.407906976744186
Close,Close,Close,nsmallest,-9999,2,2,2,0.999,0.002,1254,23.1239,53.6266,14.2004,15.6137,8.0535,2.9409,3.3725,2.3971,28.2609,54.9469,193.1312,1079.3191,166.0945,11.2008,6.6795,5.8304,23.6328,9.0904,5.6055,12.7099,11.7434,20.2339,463800.071,3142133955.6995,17.1343,24.16339285714286,100.28946,41.01944,15.344899999999999,7.932259999999999,3.10562,3.71384,2.5358,48.4244,50.107420000000005,179.7457,942.55118,137.07894000000002,10.94426,6.8881,6.4395,26.23242,12.6904,5.77148,16.351300000000002,11.03168,79.6411,305515.49396,2.690035176862423e+18,1.0426492933576474e+17,17.0948,17.1294,6.2887,10.2214,4.3697,2.0116,3.1858,2.3174,13.5826,25.1636,30.3124,49.3866,30.142,10.3085,4.6065,3.4853,18.1437,8.0113,1.8543,3.565,6.9413,7.9554,13.3891,24.9923,1.8543,38.1503,270.3507,89.426,21.2063,10.7965,3.9004,5.2031,3.0615,89.3333,58.3765,375.3051,2269.855,263.4159,11.5869,11.3003,11.323,39.007,21.3771,10.3718,40.6351,13.1632,179.2404,539333.5554,1.345017587476217e+19,1.345017587476217e+19,14,5,5,5,5,5,5,5,5,5,5,5,5,5,5,5,5,5,5,5,5,5,5,5,129,0.4214285714285714,0.454,0.45,0.526,0.466,0.46399999999999997,0.348,0.366,0.488,0.438,0.454,0.518,0.43600000000000005,0.386,0.41,0.358,0.48599999999999993,0.44399999999999995,0.306,0.372,0.362,0.386,0.294,0.366,0.4169767441860465
Open,Close,Open,nsmallest,-9999,2,2,2,0.999,0.002,1254,18.4456,38.0386,19.0984,378.489,8.4646,2.8437,2.5706,1.6236,12.4682,41.0701,43.033,98.997,33.4351,7.7402,3.5175,3.3901,20.3846,5.5179,4.5426,7.8267,9.7925,37.2414,41.377,1773292283.0097,15.8495,19.578057142857144,81.58315999999999,35.03044,604.14928,9.497200000000001,2.81704,2.64082,1.8891200000000001,18.80198,47.67616,112.82558000000002,128.48028,140.90915999999999,8.60622,4.11918,4.49082,18.11082,7.314220000000001,5.9799999999999995,16.7381,8.87794,70.79098,259018.10817999998,1.404861328288431e+19,5.445198946854484e+17,15.8139,19.2563,6.5629,116.59,3.1212,1.7193,1.5466,1.4278,3.6545,39.4543,29.6817,10.2257,16.0089,3.9252,2.9214,2.9527,9.7893,5.3878,1.6898,4.0872,6.618,9.1255,29.114,32.9885,1.4278,23.7018,184.2101,70.015,1303.789,14.5908,3.4394,4.1773,3.2869,35.8357,76.552,342.2436,376.4099,593.4148,13.0015,7.1663,8.8254,21.9177,11.4222,14.0811,53.3198,10.6073,148.7716,1294933.3909,7.024306640478895e+19,7.024306640478895e+19,14,5,5,5,5,5,5,5,5,5,5,5,5,5,5,5,5,5,5,5,5,5,5,5,129,0.40071428571428575,0.472,0.446,0.588,0.446,0.48,0.312,0.32,0.374,0.43200000000000005,0.46399999999999997,0.374,0.41600000000000004,0.366,0.348,0.31799999999999995,0.46799999999999997,0.392,0.266,0.32,0.324,0.376,0.302,0.378,0.3916279069767442
Open,Close,Close,nsmallest,-9999,2,2,2,0.999,0.002,1254,16.11065,48.6937,12.4778,18.6971,9.1428,2.5546,2.3764,1.8029,18.6194,55.0339,40.1933,446.3011,43.0552,9.599,6.1844,3.7328,23.6668,13.0714,4.5794,6.8465,9.0432,26.989,14.2049,2277947879.533,14.3217,18.416614285714285,106.23455999999999,32.2805,15.65804,8.30602,2.45174,2.79784,2.1213,24.0012,65.66748,215.04258,323.79694,50.11524,12.0789,7.966800000000001,4.02836,23.87804,9.6172,6.11412,14.70772,8.42042,77.56698,242706.01628,1.1221857449189665e+18,4.349557150849652e+16,14.3217,17.2333,5.6243,6.7329,2.8572,1.8699,1.6058,1.3864,5.4515,52.3561,34.1785,12.4868,19.9377,8.9261,3.6541,2.0193,18.5765,3.5134,1.5782,2.9671,7.1107,7.4988,11.3351,23.891,1.3864,24.3668,263.7598,68.2166,21.2986,11.016,2.8931,4.3773,3.8852,45.2568,99.0674,880.33,629.9611,79.0498,20.0493,19.041,6.7334,28.8628,14.38,14.0216,46.1802,9.0981,173.5273,1213453.6456,5.61092871970621e+18,5.61092871970621e+18,14,5,5,5,5,5,5,5,5,5,5,5,5,5,5,5,5,5,5,5,5,5,5,5,129,0.39999999999999997,0.4640000000000001,0.43,0.508,0.44000000000000006,0.46799999999999997,0.32,0.354,0.372,0.43599999999999994,0.43200000000000005,0.418,0.43200000000000005,0.366,0.398,0.3,0.48,0.398,0.278,0.328,0.322,0.364,0.296,0.33399999999999996,0.3898449612403101
Close,Close,Close,nsmallest,-9999,3,1,1,0.999,0.002,1254,14.9653,160.8452,10.5134,11.1563,3.9352,2.0063,2.372,3.7918,27.4044,449.0513,265.4561,1897.7445,16.5414,14.1492,6.209,7.8361,5.6408,4.1602,6.0906,16.9574,3.7496,15.9732,14.5966,4390.2617,13.5003,17.50417857142857,3319.2924599999997,36.62994,10.58568,10.93962,2.0843,3.0749400000000002,3.04194,28.92244,300.90556000000004,633.21852,2230.36498,1339.1513,11.18954,5.31398,8.86632,13.34978,6.795820000000001,6.33022,21.77616,3.74184,24.577099999999998,63.674020000000006,61421113547.05184,2380663631.0034885,13.4759,7.0832,4.5253,5.0056,2.3224,1.4649,1.86,1.6325,4.5587,17.5129,155.0929,461.7835,1.696,3.874,2.5213,4.3831,4.4032,2.3412,2.0549,5.9634,2.7802,7.6971,11.8313,1.8581,1.4649,31.048,16022.8854,84.3767,15.7276,28.7565,3.2228,5.4485,4.202,51.8609,499.9925,2268.8438,4246.6771,6537.7386,15.224,6.7412,16.0088,32.6176,17.1823,11.3472,39.655,5.4187,58.7407,140.1785,303014073198.072,303014073198.072,14,5,5,5,5,5,5,5,5,5,5,5,5,5,5,5,5,5,5,5,5,5,5,5,129,0.24428571428571427,0.278,0.3,0.268,0.288,0.29400000000000004,0.22800000000000004,0.23399999999999999,0.296,0.27199999999999996,0.252,0.306,0.26799999999999996,0.246,0.242,0.20800000000000002,0.21799999999999997,0.20800000000000002,0.194,0.238,0.168,0.22599999999999998,0.22199999999999998,0.266,0.2482170542635659
Close,Close,Open,nsmallest,-9999,2,1,2,0.999,0.002,1254,23.47775,172.2189,9.5456,45.8263,3.4776,1.6015,2.0716,1.7806,309.6005,58.4938,310.5787,758.2981,371.5255,8.5068,2.8007,6.1359,12.5571,7.3814,3.4245,4.9333,3.3884,25.0224,64.1875,404462.1862,11.9914,20.692285714285713,257.75079999999997,12.48712,39.47608,4.3083,1.6782800000000002,1.9595600000000002,1.76692,198.67508,81.3187,1397.25972,905.65998,281.54092,51.53846,3.4502200000000003,5.00796,18.36636,9.00226,3.75026,4.83916,5.3176000000000005,29.088639999999998,68.56522,6.876124654774882e+16,2665164594874118.5,11.4725,29.3128,9.2491,7.7965,3.2376,1.5335,1.4335,1.5999,10.7849,51.9958,176.4348,714.3819,40.2151,7.8044,2.5474,1.6538,11.9914,5.9987,2.3109,4.5814,2.8648,23.1909,36.9258,138.7647,1.4335,30.0966,474.401,24.5941,84.3998,5.911,1.842,2.7527,2.0415,342.4839,174.4653,3218.1716,1423.3644,562.998,148.3979,6.2899,8.5855,32.0046,12.3566,6.8115,4.9714,11.4853,47.0245,91.5226,3.438061224979308e+17,3.438061224979308e+17,14,5,5,5,5,5,5,5,5,5,5,5,5,5,5,5,5,5,5,5,5,5,5,5,129,0.39714285714285713,0.426,0.47000000000000003,0.504,0.374,0.42400000000000004,0.32599999999999996,0.308,0.49400000000000005,0.434,0.544,0.48,0.42400000000000004,0.38,0.336,0.31,0.42400000000000004,0.388,0.294,0.33199999999999996,0.372,0.372,0.352,0.33599999999999997,0.395968992248062
Open,Close,Close,nsmallest,-9999,3,1,1,0.999,0.002,1254,13.280899999999999,219.2853,10.3106,16.4828,3.7301,1.9984,2.2656,3.1116,18.2551,171.4085,408.6661,396.3407,9.7008,9.2774,3.6206,5.7198,6.3971,2.2338,3.8152,7.8047,3.0729,13.3015,27.8686,2264.6971,11.8151,14.66645,3286.07298,19.46694,13.97842,7.42792,2.61136,2.84002,2.64702,21.46042,121.82696000000001,430.05282,1514.66408,86.53638,8.0612,3.72554,8.875499999999999,10.04582,5.106599999999999,5.45544,16.17996,4.63108,30.205220000000004,71.06324,28936798955.750317,1121581576.3469496,11.8151,5.3953,4.5527,5.8468,3.2913,1.1589,2.1313,1.0499,4.426,22.0931,107.1022,48.283,6.7682,5.6969,3.0993,2.6401,4.4124,1.5258,3.0556,3.2968,2.9531,11.207,5.9851,18.8141,1.0499,21.0365,15890.5822,37.4641,20.2581,22.1912,4.1543,3.9309,3.8263,52.8224,187.7975,720.913,3531.7054,378.8049,10.201,4.3948,18.6648,20.8427,14.0368,12.9723,31.1769,8.8307,64.2476,157.9962,141448272557.8888,141448272557.8888,14,5,5,5,5,5,5,5,5,5,5,5,5,5,5,5,5,5,5,5,5,5,5,5,129,0.2414285714285714,0.274,0.29,0.32,0.254,0.27599999999999997,0.23399999999999999,0.236,0.292,0.262,0.246,0.304,0.21800000000000003,0.244,0.22400000000000003,0.21800000000000003,0.20400000000000001,0.198,0.186,0.21200000000000002,0.194,0.236,0.22400000000000003,0.23600000000000004,0.24255813953488373
Open,Close,Open,nsmallest,-9999,3,2,1,0.999,0.002,1254,12.6299,80.9601,12.2578,331.1062,6.7566,2.4839,2.6546,1.9133,11.3553,6.1859,73.9616,135.0411,12.1232,23.6875,3.0039,4.4366,6.0856,2.8181,3.6744,12.9241,2.6665,14.0934,34.0584,1964.7965,11.7498,14.105264285714286,174.05922,34.3149,296.63116,8.76108,2.5299,3.1606,1.99188,13.466399999999998,343.56882,202.22392,419.22618,30.66222,17.21724,2.9796,4.39018,7.97892,4.22392,4.8129599999999995,10.568520000000001,7.2161,36.53012,63.9177,1.5844530595357926e+17,6141290928433371.0,11.7498,11.0878,7.5525,104.1921,2.652,1.7433,1.3531,1.3964,5.9557,4.1416,16.4917,28.6797,2.492,3.3355,1.4973,2.3165,1.8046,1.5634,2.2634,2.5744,1.8473,2.4942,21.4482,4.8793,1.3531,17.6849,610.8631,77.3965,478.6808,19.8771,3.0762,6.95,2.7297,24.2756,1679.1849,643.7962,1338.8072,80.3432,29.7274,3.8181,5.9402,15.1786,10.481,9.7646,20.1093,23.5952,126.8904,202.1457,7.922265297675611e+17,7.922265297675611e+17,14,5,5,5,5,5,5,5,5,5,5,5,5,5,5,5,5,5,5,5,5,5,5,5,129,0.22999999999999998,0.284,0.26,0.388,0.26799999999999996,0.262,0.21200000000000002,0.2,0.288,0.22799999999999998,0.266,0.286,0.21600000000000003,0.256,0.192,0.18,0.188,0.172,0.144,0.18,0.156,0.184,0.21600000000000003,0.23399999999999999,0.22883720930232557
Close,Close,Open,nsmallest,-9999,3,1,1,0.999,0.002,1254,15.4529,60.9334,10.3195,12.1414,2.54,1.221,1.2542,1.9248,30.9603,1224.1738,376.8805,2468.0178,190.6899,13.3703,2.344,3.796,7.1222,2.0881,2.6183,8.7839,2.1515,5.2505,27.8571,3702.6328,11.4649,14.417792857142857,1872.0624799999998,26.290640000000003,14.13034,4.526940000000001,1.37236,1.7508399999999997,1.8725200000000002,40.867180000000005,797.90526,1298.19074,2950.90326,208.91938,14.35554,2.85648,4.5517199999999995,7.56142,3.7851399999999997,3.5193,8.14294,3.07502,14.80874,35.31892,11087201447.05946,429736775.35645115,12.1571,3.3768,2.4347,3.6784,2.4109,1.0629,1.1542,1.0177,4.4345,47.5129,121.0097,124.928,152.6454,11.7693,1.3375,2.6041,5.7909,1.9327,1.19,3.3809,1.3912,3.3793,16.2184,2.9746,1.0177,15.9907,8946.8077,56.8604,33.9663,12.0043,2.1634,3.1686,2.7974,72.2439,1386.1502,5362.6513,6191.9213,268.3014,17.4558,4.1577,7.8561,9.7385,8.9783,9.3589,11.5422,7.7901,44.0264,54.7048,44616853013.4189,44616853013.4189,14,5,5,5,5,5,5,5,5,5,5,5,5,5,5,5,5,5,5,5,5,5,5,5,129,0.23285714285714285,0.248,0.292,0.268,0.246,0.248,0.188,0.198,0.296,0.30600000000000005,0.28200000000000003,0.304,0.29000000000000004,0.22400000000000003,0.196,0.176,0.20400000000000001,0.194,0.19,0.21200000000000002,0.13999999999999999,0.21200000000000002,0.21800000000000003,0.29200000000000004,0.23550387596899225
Open,Close,Open,nsmallest,-9999,2,1,2,0.999,0.002,1254,20.3448,164.2083,15.7568,1075.4369,4.4882,1.7783,1.8392,1.5383,144.9157,77.9219,222.7452,120.8065,121.0557,2.937,3.8723,1.9027,5.5825,5.3394,3.3871,2.8929,2.8122,35.3678,83.9844,588526.9426,11.2863,18.8596,235.53602,14.45262,1937.78252,4.946219999999999,1.8445799999999999,1.9389600000000002,1.6434799999999998,92.68974,93.19466,1123.7207,214.13118,165.30782000000002,21.27304,3.58978,2.20916,19.28414,6.72146,3.19004,3.62794,3.5091799999999997,35.54424,76.57976,8.43408738809489e+17,3.26902611941664e+16,11.2458,29.2279,6.8746,789.9472,3.4233,1.4282,1.5579,1.5251,5.0141,53.3707,63.9123,89.3915,82.3756,2.923,2.4497,1.7534,5.5042,2.4345,2.2854,2.8793,2.6934,16.8211,55.8052,69.3302,1.4282,27.1121,425.1793,26.4445,3703.3016,6.8342,2.298,2.3774,2.0674,158.2865,179.4856,2724.5764,534.4992,278.3706,69.8289,3.9188,3.6887,49.1121,10.3493,4.3479,4.814,6.4217,53.8195,98.2787,4.217043465075095e+18,4.217043465075095e+18,14,5,5,5,5,5,5,5,5,5,5,5,5,5,5,5,5,5,5,5,5,5,5,5,129,0.38357142857142856,0.40800000000000003,0.45200000000000007,0.592,0.374,0.426,0.36,0.33799999999999997,0.398,0.4,0.49400000000000005,0.36,0.42000000000000004,0.34199999999999997,0.35,0.27599999999999997,0.42400000000000004,0.356,0.3,0.292,0.33199999999999996,0.348,0.35,0.38,0.38162790697674415
Close,Close,Close,nsmallest,-9999,3,2,1,0.999,0.002,1254,14.56575,132.7196,8.7316,10.9882,8.2812,2.0981,2.3291,2.5326,20.1314,18.4008,54.4182,244.781,34.4826,10.1979,2.2786,8.281,11.8224,6.0348,2.0243,14.2267,5.6644,6.4743,12.8207,1896.1436,11.2396,14.939142857142857,207.89030000000002,27.405220000000003,11.01212,8.380199999999999,2.22438,3.08182,2.34652,18.05426,38.69814,177.9318,1460.32468,63.93826,13.360859999999999,4.74788,6.873959999999999,14.114279999999999,11.2454,6.85334,16.92334,5.44616,23.23828,625793.1229600001,3.815229144314168e+16,1478770986192621.5,11.2396,8.1982,5.1104,5.538,4.6936,1.2441,1.107,1.7556,5.4922,13.6602,20.2464,50.8037,1.4185,8.9561,1.6677,2.2039,6.6533,2.5345,1.7902,8.4158,2.7348,2.1934,5.1031,1.4946,1.107,23.0325,662.0949,91.75,20.3391,14.0673,3.5335,6.1234,2.7014,31.3047,104.0378,404.575,6281.4684,212.8843,21.4208,11.9169,11.1501,30.6372,38.2088,18.2685,28.3299,10.0415,77.438,3128896.8231,1.9076145721564864e+17,1.9076145721564864e+17,14,5,5,5,5,5,5,5,5,5,5,5,5,5,5,5,5,5,5,5,5,5,5,5,129,0.23142857142857146,0.292,0.26,0.296,0.26799999999999996,0.25,0.192,0.22000000000000003,0.26799999999999996,0.242,0.27,0.322,0.236,0.24000000000000005,0.188,0.21200000000000002,0.244,0.20800000000000002,0.168,0.21600000000000003,0.172,0.16799999999999998,0.2,0.182,0.23108527131782944
Open,Close,Open,nsmallest,-9999,3,1,1,0.999,0.002,1254,15.4784,84.0239,14.2684,569.9933,4.1771,1.6693,1.3095,1.4333,16.5362,528.9085,1605.4823,60.5397,17.5151,4.2272,2.0853,3.8522,3.2213,1.423,1.7162,5.9028,2.6801,11.1221,33.5261,4499.066,11.1221,14.763692857142857,1861.7986799999999,14.48682,681.77946,6.893980000000001,1.7086,1.77268,1.45932,21.647280000000002,354.3501,3019.2731999999996,196.73472,1107.54122,6.545640000000001,2.47012,4.66872,6.18808,3.1785799999999997,3.7124200000000003,6.18258,3.49612,31.160739999999997,43.10444,29059655332.509197,1126343517.5969393,11.9113,2.1101,4.8239,273.312,1.8456,1.0824,1.2228,0.9775,2.6412,31.004,184.3945,13.4418,9.6692,2.1812,1.1171,2.5003,2.5845,1.3188,1.1534,2.5971,1.6684,7.3522,17.9045,31.4618,0.9775,17.0535,8923.206,23.7498,1539.8506,19.9523,2.7688,2.8463,1.8025,56.8657,590.5266,10831.7725,448.7703,5436.157,13.5177,4.135,8.1529,17.2344,8.7533,12.2305,8.408,7.5215,86.3691,71.3713,113059578526.5752,113059578526.5752,14,5,5,5,5,5,5,5,5,5,5,5,5,5,5,5,5,5,5,5,5,5,5,5,129,0.23,0.26,0.278,0.382,0.23200000000000004,0.26,0.20800000000000002,0.196,0.27799999999999997,0.282,0.288,0.254,0.22599999999999998,0.24,0.188,0.192,0.174,0.16,0.18,0.172,0.174,0.23199999999999998,0.21799999999999997,0.286,0.23271317829457364
Close,Close,Open,nsmallest,-9999,3,2,1,0.999,0.002,1254,10.901,82.7736,10.357,14.6146,6.6072,2.0476,2.8612,2.3281,10.4943,20.7246,102.9849,115.5485,23.5787,10.7793,2.5709,5.8916,6.1724,4.0245,2.347,14.7792,5.152,5.8015,16.7693,5202.886,10.5461,14.711692857142856,179.1002,34.78368,18.3234,7.6267,2.28198,3.0018599999999998,2.27436,12.87242,42.91084,142.52306000000002,957.59572,100.06848,14.86354,3.1955199999999997,5.5159,9.56902,8.96292,6.9386600000000005,16.08692,5.75032,28.83634,2164432.1044,1.4958478964039443e+17,5797860063665136.0,9.143,6.1767,4.3012,6.4491,3.033,1.2251,1.2043,1.4714,8.7315,16.3848,14.1815,15.9148,3.965,6.5541,2.32,2.9902,6.0807,1.6777,1.739,7.8985,2.2626,2.2444,6.0691,1.6906,1.2043,29.0633,610.8631,100.2919,32.4303,17.7146,3.5534,6.0088,3.0712,17.9931,128.9927,460.2013,3446.6066,386.4164,25.2987,5.723,6.9731,18.9634,22.8219,17.9017,26.4008,13.3187,106.8848,10822107.5414,7.479239482019154e+17,7.479239482019154e+17,14,5,5,5,5,5,5,5,5,5,5,5,5,5,5,5,5,5,5,5,5,5,5,5,129,0.23285714285714285,0.292,0.264,0.312,0.264,0.27,0.2,0.21200000000000002,0.268,0.238,0.258,0.292,0.252,0.248,0.188,0.20400000000000001,0.244,0.20400000000000001,0.168,0.22000000000000003,0.168,0.164,0.192,0.21200000000000002,0.232015503875969
Open,Close,Close,nsmallest,-9999,3,2,1,0.999,0.002,1254,13.07885,95.6973,10.2342,8.9859,6.6224,2.3623,2.9166,1.7344,9.2678,8.3016,143.824,67.7382,7.3488,9.2441,2.8803,4.8837,5.2377,3.8708,2.1926,14.0254,4.791,9.3911,24.4094,787.3714,8.9333,13.209100000000001,194.61506000000003,22.886680000000002,11.53968,7.18664,2.48296,3.31876,1.8563800000000001,20.62378,418.0197,242.2029,2281.65914,29.92566,15.31126,3.83762,5.2545,11.742740000000001,5.29806,4.51796,11.61816,7.08872,31.74432,35.26386,1.0383411530042682e+17,4024578112419776.0,11.5754,19.624,5.6775,7.3154,3.8239,1.6286,1.4468,1.4722,4.4929,3.3878,13.9701,8.9333,4.8826,6.5861,1.7126,1.9501,3.5086,2.4892,2.0388,2.4544,3.0762,2.3891,6.9528,2.8287,1.4468,15.0555,662.0949,63.4147,19.4274,11.1543,3.5957,6.9298,2.2406,50.137,1994.8759,696.1087,11186.8893,117.7937,44.0354,8.0026,8.3323,38.3596,13.0008,9.8439,20.5265,17.7404,101.5874,88.2991,5.191705765019512e+17,5.191705765019512e+17,14,5,5,5,5,5,5,5,5,5,5,5,5,5,5,5,5,5,5,5,5,5,5,5,129,0.23,0.284,0.254,0.33199999999999996,0.268,0.24,0.21200000000000002,0.196,0.276,0.238,0.25,0.28200000000000003,0.2,0.24000000000000005,0.192,0.188,0.2,0.184,0.144,0.18,0.16799999999999998,0.184,0.2,0.192,0.22279069767441861
Close,Close,Close,nsmallest,-9999,3,1,2,0.999,0.002,1254,9.51885,72.7516,8.3693,6.9998,2.4883,1.7528,2.3905,2.8409,14.1305,48.7567,93.6307,205.8008,8.799,6.7191,4.5946,5.5935,8.4859,3.7125,3.183,5.5359,4.5204,14.9096,21.4962,3676.84,8.4859,10.511471428571427,282.75726,17.56448,8.608,5.37776,2.04618,2.72054,2.34328,16.99556,38.20754,130.39956,201.05234000000002,116.90752,6.6661,4.96516,5.2628,9.32098,6.7719,4.1274,8.486360000000001,3.9553800000000003,18.168979999999998,23.426759999999998,8023743906.4849415,310997862.4825155,9.1286,7.7515,4.0365,4.9616,2.2768,1.71,1.8321,1.2788,4.5235,16.2012,71.8265,60.3649,3.5431,3.8582,2.7375,3.4763,5.6053,3.4907,1.9336,3.991,2.2003,11.3137,6.5297,8.4499,1.2788,14.3713,1155.1109,35.6457,12.7864,11.3518,2.5479,3.5469,2.9295,34.4297,52.2781,309.2038,335.0429,514.2546,9.2819,6.7497,6.9649,17.2965,16.5121,8.3921,14.3999,6.0343,32.3929,39.9785,38891328782.5464,38891328782.5464,14,5,5,5,5,5,5,5,5,5,5,5,5,5,5,5,5,5,5,5,5,5,5,5,129,0.4135714285714286,0.47000000000000003,0.476,0.514,0.44800000000000006,0.472,0.42800000000000005,0.356,0.466,0.442,0.45,0.43200000000000005,0.42400000000000004,0.398,0.404,0.32999999999999996,0.418,0.38,0.3,0.32599999999999996,0.32199999999999995,0.422,0.37,0.43599999999999994,0.4124806201550388
Open,Close,Close,nsmallest,-9999,3,1,2,0.999,0.002,1254,8.9835,102.5981,10.9433,9.7642,2.7193,2.105,2.0742,2.5563,10.5124,44.157,114.4494,69.6596,16.4381,4.1856,5.6542,6.2358,5.8129,3.953,2.8592,6.5364,2.9526,11.2055,19.6051,1688.6999,8.1663,9.574292857142856,281.53121999999996,18.7882,9.9936,3.7143,2.24832,2.38186,2.31044,14.11634,35.677859999999995,99.53855999999999,94.70964000000001,19.25762,5.70702,4.77034,5.794700000000001,5.9398800000000005,4.9122,3.5499,17.529400000000003,3.82932,16.273500000000002,35.22766,7038924234.19652,272826548.4033496,8.1501,7.5297,4.4972,5.4193,2.5147,1.3479,1.956,1.4878,3.3937,16.8282,48.9273,20.7918,8.2595,4.1463,2.9363,2.9844,4.3621,2.1513,2.0898,4.9392,2.0621,10.7369,14.2813,18.1424,1.3479,12.1228,1152.408,37.3665,14.7028,6.7848,3.3359,3.0867,3.0779,36.6934,47.2917,141.9328,168.6059,46.1647,10.8113,6.2862,8.6374,7.7506,12.171,7.1003,35.4167,6.3881,25.9393,64.4101,34109731237.4762,34109731237.4762,14,5,5,5,5,5,5,5,5,5,5,5,5,5,5,5,5,5,5,5,5,5,5,5,129,0.40071428571428575,0.45599999999999996,0.48600000000000004,0.49800000000000005,0.41200000000000003,0.45599999999999996,0.382,0.362,0.44000000000000006,0.43,0.40599999999999997,0.398,0.43,0.406,0.418,0.404,0.358,0.38,0.28600000000000003,0.358,0.33599999999999997,0.384,0.376,0.41,0.40286821705426357
Close,Close,Open,nsmallest,-9999,3,2,2,0.999,0.002,1254,7.62585,33.1379,7.7364,13.7791,4.305,2.2648,2.7127,2.0519,9.7176,8.4371,34.8739,38.5034,14.0527,9.4671,3.1149,4.3977,6.5444,4.391,2.6351,6.1525,3.6668,5.3668,13.2871,2085.375,7.6081,10.84677857142857,68.13086,14.218039999999998,14.376740000000002,4.47356,2.28714,2.65372,1.8363399999999999,8.855799999999999,13.705180000000002,36.5995,125.96666,37.10802,8.488800000000001,3.01934,4.0476399999999995,7.006279999999999,6.2758,4.207420000000001,6.58808,5.24296,18.668979999999998,8093046238.758,2.807181183364689e+17,1.0880547536027734e+16,6.2351,7.4586,6.481,7.4952,2.1909,1.6568,1.4296,1.3438,6.2522,7.1599,7.7558,10.1412,3.1266,4.1408,2.4478,2.6306,4.0601,2.2214,2.2871,5.0485,2.093,3.7523,7.0628,9.2124,1.3438,26.8147,222.5921,27.2613,21.7377,7.0705,3.1772,3.2704,2.1227,11.1098,32.0677,90.9576,467.218,137.9969,11.7357,3.8951,4.625,12.0226,12.3225,8.1948,9.4906,11.8417,63.089,40465231145.9935,1.4035905916823163e+18,1.4035905916823163e+18,14,5,5,5,5,5,5,5,5,5,5,5,5,5,5,5,5,5,5,5,5,5,5,5,129,0.3885714285714286,0.458,0.438,0.54,0.414,0.476,0.398,0.32999999999999996,0.41600000000000004,0.376,0.438,0.43,0.42400000000000004,0.404,0.33599999999999997,0.33799999999999997,0.384,0.386,0.27999999999999997,0.316,0.328,0.332,0.324,0.388,0.3892248062015504
Close,Close,Close,nsmallest,-9999,3,2,2,0.999,0.002,1254,8.63065,33.5123,7.4158,7.1435,3.986,2.1083,3.0189,1.8237,16.3422,7.011,34.6978,48.0081,15.98,6.9864,2.619,5.2631,13.6414,5.051,3.119,5.1993,6.4768,5.4167,9.9771,1417.0979,7.298,10.693807142857143,71.171,11.94114,7.14914,4.7488399999999995,2.38862,2.77242,1.84522,12.003559999999998,13.02062,59.84284,142.41802,26.059140000000003,7.5605400000000005,3.9833,4.83906,10.8985,7.311,4.5781600000000005,6.808199999999999,5.11776,15.64968,3953143355.2615194,1.1180187284688858e+17,4333406077520635.0,7.2945,9.3191,6.439,5.3295,3.3025,1.638,1.3939,1.7161,3.7537,5.2497,9.5781,13.2182,2.6488,5.1909,1.7358,2.5951,5.0316,2.633,1.9538,5.0523,2.3076,3.4936,3.1473,12.6456,1.3939,24.9272,223.2668,25.4134,8.7433,7.5523,3.1311,3.7845,2.0367,19.1328,29.7542,161.7335,516.7365,75.2163,10.982,8.6646,6.6041,13.94,16.7532,8.2789,9.6535,7.8419,51.7404,19765716742.0565,5.590093642344101e+17,5.590093642344101e+17,14,5,5,5,5,5,5,5,5,5,5,5,5,5,5,5,5,5,5,5,5,5,5,5,129,0.3842857142857143,0.446,0.426,0.516,0.442,0.45199999999999996,0.39,0.31799999999999995,0.42400000000000004,0.36,0.434,0.434,0.41200000000000003,0.364,0.36,0.354,0.42800000000000005,0.40199999999999997,0.284,0.32,0.33599999999999997,0.328,0.324,0.344,0.3865891472868217
Open,Close,Open,nsmallest,-9999,3,2,2,0.999,0.002,1254,8.083,33.3406,10.3007,73.1493,4.8458,2.5516,2.5286,1.922,6.2696,4.6572,24.5031,43.791,21.1894,7.4744,3.2613,3.5796,4.4068,3.9202,2.4394,11.5868,4.2878,11.244,24.1563,3204.8599,7.2915,9.00447142857143,77.16248,16.490199999999998,102.06039999999999,4.76456,2.3622,2.43804,1.8385000000000002,8.047799999999999,30.69146,39.9446,57.009040000000006,21.07962,7.0212,3.04946,3.8350400000000002,5.7373199999999995,4.26784,3.2453199999999995,11.19012,4.68386,16.19372,42.96016,6.125535555584342e+17,2.3742385874357932e+16,7.2757,10.6893,5.78,42.1621,2.2824,1.5957,1.4125,1.3887,4.2937,4.168,8.5478,7.8422,2.9673,3.4217,2.0427,2.615,2.4175,2.2084,1.6465,5.9775,1.8279,3.8392,8.4834,15.5922,1.3887,11.7406,267.4846,31.9301,205.7436,7.5229,2.7315,3.4551,2.3007,11.9162,131.0628,87.8121,129.6234,39.6856,13.2519,3.6993,5.8458,11.7022,6.1376,6.3961,16.0436,8.9413,44.5783,117.6243,3.062767777792132e+18,3.062767777792132e+18,14,5,5,5,5,5,5,5,5,5,5,5,5,5,5,5,5,5,5,5,5,5,5,5,129,0.3814285714285714,0.442,0.454,0.6,0.43,0.46399999999999997,0.37,0.32599999999999996,0.38,0.4,0.414,0.422,0.41600000000000004,0.36,0.352,0.346,0.36,0.362,0.248,0.336,0.27199999999999996,0.324,0.33599999999999997,0.40199999999999997,0.3831007751937985
Close,Close,Open,nsmallest,-9999,3,1,2,0.999,0.002,1254,8.378900000000002,42.4974,7.5862,9.1244,1.9133,1.3028,1.5035,1.6383,14.7245,79.4947,75.4078,224.0083,44.0482,6.504,2.6871,2.2549,7.2123,3.8302,1.6738,3.4835,2.6101,6.4849,32.7673,1918.9532,7.2123,8.263421428571428,183.45703999999998,12.819740000000001,9.27674,2.6189,1.4328400000000001,1.78536,1.58894,19.83768,58.29906,105.70208,178.34424,61.313300000000005,6.983879999999999,2.54286,2.4784800000000002,7.2234,3.3501400000000006,2.40106,4.4223,2.58466,9.678299999999998,26.300400000000003,2060312161.51212,79857088.72446124,7.3348,3.8163,3.7985,6.9995,1.7371,1.155,1.0937,1.0765,4.1549,21.3956,39.2818,30.5191,34.3486,5.6107,1.4329,2.2228,6.5148,2.228,1.5387,2.2044,1.15,4.9634,12.7699,16.0733,1.0765,9.3095,750.5985,23.9659,12.101,5.0991,1.9388,2.5507,2.3037,37.4517,85.9372,271.3374,288.9965,130.4827,8.6842,3.1634,2.8942,7.9739,4.4237,5.4563,6.678,4.2669,20.5921,35.089,6848564385.0842,6848564385.0842,14,5,5,5,5,5,5,5,5,5,5,5,5,5,5,5,5,5,5,5,5,5,5,5,129,0.3807142857142857,0.42000000000000004,0.45999999999999996,0.47800000000000004,0.372,0.394,0.38,0.3,0.44800000000000006,0.41200000000000003,0.47000000000000003,0.43200000000000005,0.42400000000000004,0.354,0.32999999999999996,0.258,0.382,0.358,0.276,0.274,0.26,0.382,0.376,0.42400000000000004,0.3771317829457364
Open,Close,Close,nsmallest,-9999,3,2,2,0.999,0.002,1254,8.35895,30.5235,10.1414,7.8251,3.5281,2.4009,2.7279,1.7969,4.9431,5.0861,39.9955,22.1564,10.3017,4.9241,2.5609,4.1677,5.4613,3.5979,1.8567,11.4759,6.4839,6.6965,13.034,1654.5267,6.6965,8.75275,79.80032,13.41174,7.6894599999999995,4.3026,2.2952000000000004,2.64068,1.8369399999999998,9.24444,33.1572,57.202020000000005,108.3442,20.90848,8.13592,4.08322,4.38292,6.8012,4.4699,3.2618400000000003,10.0188,5.01538,14.52294,24.867200000000004,4.433433120790453e+17,1.7183849305389372e+16,8.2955,13.9021,4.5384,5.3031,2.9869,1.6068,1.4307,1.5804,4.552,4.075,8.504,6.2856,4.0874,4.7793,2.4966,2.5452,4.5428,2.3048,1.6299,5.435,2.4353,4.5449,5.5688,22.6138,1.4307,9.4714,264.7507,27.8763,9.468,6.2485,2.7084,3.6057,2.0673,18.1692,121.2035,161.9803,471.7769,69.9921,19.5776,7.322,7.4354,13.1197,7.3911,5.8762,11.8047,7.0518,42.6682,49.1998,2.2167165603952e+18,2.2167165603952e+18,14,5,5,5,5,5,5,5,5,5,5,5,5,5,5,5,5,5,5,5,5,5,5,5,129,0.37714285714285717,0.446,0.442,0.496,0.426,0.44000000000000006,0.37,0.33799999999999997,0.388,0.392,0.398,0.402,0.4,0.356,0.376,0.33799999999999997,0.404,0.37,0.252,0.348,0.27999999999999997,0.324,0.328,0.364,0.3772868217054264
Open,Close,Open,nsmallest,-9999,3,1,2,0.999,0.002,1254,8.449300000000001,53.6066,7.7143,156.423,2.4431,1.5432,1.3797,1.5463,12.274,57.6022,219.4764,25.1224,12.0483,2.8386,2.0217,2.7573,4.4901,2.7264,1.6127,3.5263,3.4935,8.7121,26.8215,3659.2879,6.5242,8.372642857142857,168.84266,12.3904,156.5371,2.962,1.55596,1.65476,1.4571,14.2908,43.35872,181.08786,43.98146,80.1746,3.88716,2.01696,2.77522,4.94544,2.97126,2.22856,5.06568,3.18842,12.43966,31.50242,3397439128.2338996,131683718.25548449,7.638,3.2992,3.5308,90.9402,2.0478,1.214,1.1233,1.1379,2.3894,19.4498,114.2245,6.3275,6.3592,2.1345,1.5014,2.145,3.7332,1.8052,1.4361,2.8994,1.2548,4.6152,10.7709,80.0769,1.1233,9.3697,679.6597,22.6108,222.4633,5.6375,2.2322,2.2696,1.6637,32.0705,61.9668,225.8646,84.7533,355.1654,6.6768,2.3337,3.3814,6.8576,4.4687,5.0008,7.7232,5.8914,25.5227,53.8878,12501844783.7081,12501844783.7081,14,5,5,5,5,5,5,5,5,5,5,5,5,5,5,5,5,5,5,5,5,5,5,5,129,0.37071428571428566,0.44000000000000006,0.45199999999999996,0.578,0.366,0.42000000000000004,0.33599999999999997,0.32,0.398,0.404,0.44000000000000006,0.398,0.396,0.362,0.324,0.32999999999999996,0.364,0.32199999999999995,0.258,0.284,0.27599999999999997,0.356,0.384,0.434,0.37519379844961237
